,index,Date_TimeCaught,year,week_of_year,year_woy,CaptureSite,Capture_Number
0,944,2019-01-01,2019,1,201901,CaptureSite_0,0.0
1,945,2019-01-07,2019,2,201902,CaptureSite_0,0.0
2,946,2019-01-14,2019,3,201903,CaptureSite_0,0.0
3,947,2019-01-21,2019,4,201904,CaptureSite_0,0.0
4,948,2019-01-28,2019,5,201905,CaptureSite_0,0.0
5,949,2019-02-04,2019,6,201906,CaptureSite_0,0.0
6,950,2019-02-11,2019,7,201907,CaptureSite_0,0.0
7,951,2019-02-18,2019,8,201908,CaptureSite_0,0.0
8,952,2019-02-25,2019,9,201909,CaptureSite_0,0.0
9,953,2019-03-04,2019,10,201910,CaptureSite_0,0.0
10,954,2019-03-11,2019,11,201911,CaptureSite_0,0.0
11,955,2019-03-18,2019,12,201912,CaptureSite_0,0.0
12,956,2019-03-25,2019,13,201913,CaptureSite_0,0.0
13,957,2019-04-01,2019,14,201914,CaptureSite_0,0.0
14,958,2019-04-08,2019,15,201915,CaptureSite_0,0.0
15,959,2019-04-15,2019,16,201916,CaptureSite_0,0.0
16,960,2019-04-22,2019,17,201917,CaptureSite_0,0.0
17,961,2019-04-29,2019,18,201918,CaptureSite_0,0.0
18,962,2019-05-06,2019,19,201919,CaptureSite_0,0.0
19,963,2019-05-13,2019,20,201920,CaptureSite_0,0.0
20,964,2019-05-20,2019,21,201921,CaptureSite_0,0.0
21,965,2019-05-27,2019,22,201922,CaptureSite_0,0.0
22,966,2019-06-03,2019,23,201923,CaptureSite_0,0.0
23,967,2019-06-10,2019,24,201924,CaptureSite_0,0.0
24,968,2019-06-17,2019,25,201925,CaptureSite_0,0.0
25,969,2019-06-24,2019,26,201926,CaptureSite_0,0.0
26,970,2019-07-01,2019,27,201927,CaptureSite_0,0.0
27,971,2019-07-08,2019,28,201928,CaptureSite_0,0.0
28,972,2019-07-15,2019,29,201929,CaptureSite_0,0.0
29,973,2019-07-22,2019,30,201930,CaptureSite_0,0.0
30,974,2019-07-29,2019,31,201931,CaptureSite_0,0.0
31,975,2019-08-05,2019,32,201932,CaptureSite_0,0.0
32,976,2019-08-12,2019,33,201933,CaptureSite_0,0.0
33,977,2019-08-19,2019,34,201934,CaptureSite_0,0.0
34,978,2019-08-26,2019,35,201935,CaptureSite_0,0.0
35,979,2019-09-02,2019,36,201936,CaptureSite_0,0.0
36,980,2019-09-09,2019,37,201937,CaptureSite_0,0.0
37,981,2019-09-16,2019,38,201938,CaptureSite_0,0.0
38,982,2019-09-23,2019,39,201939,CaptureSite_0,0.0
39,983,2019-09-30,2019,40,201940,CaptureSite_0,0.0
40,984,2019-10-07,2019,41,201941,CaptureSite_0,0.0
41,985,2019-10-14,2019,42,201942,CaptureSite_0,0.0
42,986,2019-10-21,2019,43,201943,CaptureSite_0,0.0
43,987,2019-10-28,2019,44,201944,CaptureSite_0,0.0
44,1908,2019-01-01,2019,1,201901,CaptureSite_1,0.0
45,1909,2019-01-07,2019,2,201902,CaptureSite_1,0.0
46,1910,2019-01-14,2019,3,201903,CaptureSite_1,0.0
47,1911,2019-01-21,2019,4,201904,CaptureSite_1,0.0
48,1912,2019-01-28,2019,5,201905,CaptureSite_1,0.0
49,1913,2019-02-04,2019,6,201906,CaptureSite_1,0.0
50,1914,2019-02-11,2019,7,201907,CaptureSite_1,0.0
51,1915,2019-02-18,2019,8,201908,CaptureSite_1,0.0
52,1916,2019-02-25,2019,9,201909,CaptureSite_1,0.0
53,1917,2019-03-04,2019,10,201910,CaptureSite_1,0.0
54,1918,2019-03-11,2019,11,201911,CaptureSite_1,0.0
55,1919,2019-03-18,2019,12,201912,CaptureSite_1,0.0
56,1920,2019-03-25,2019,13,201913,CaptureSite_1,0.0
57,1921,2019-04-01,2019,14,201914,CaptureSite_1,0.0
58,1922,2019-04-08,2019,15,201915,CaptureSite_1,0.0
59,1923,2019-04-15,2019,16,201916,CaptureSite_1,0.0
60,1924,2019-04-22,2019,17,201917,CaptureSite_1,0.0
61,1925,2019-04-29,2019,18,201918,CaptureSite_1,0.0
62,1926,2019-05-06,2019,19,201919,CaptureSite_1,0.0
63,1927,2019-05-13,2019,20,201920,CaptureSite_1,0.0
64,1928,2019-05-20,2019,21,201921,CaptureSite_1,0.0
65,1929,2019-05-27,2019,22,201922,CaptureSite_1,0.0
66,1930,2019-06-03,2019,23,201923,CaptureSite_1,0.0
67,1931,2019-06-10,2019,24,201924,CaptureSite_1,0.0
68,1932,2019-06-17,2019,25,201925,CaptureSite_1,0.0
69,1933,2019-06-24,2019,26,201926,CaptureSite_1,0.0
70,1934,2019-07-01,2019,27,201927,CaptureSite_1,0.0
71,1935,2019-07-08,2019,28,201928,CaptureSite_1,0.0
72,1936,2019-07-15,2019,29,201929,CaptureSite_1,0.0
73,1937,2019-07-22,2019,30,201930,CaptureSite_1,0.0
74,1938,2019-07-29,2019,31,201931,CaptureSite_1,0.0
75,1939,2019-08-05,2019,32,201932,CaptureSite_1,0.0
76,1940,2019-08-12,2019,33,201933,CaptureSite_1,0.0
77,1941,2019-08-19,2019,34,201934,CaptureSite_1,0.0
78,1942,2019-08-26,2019,35,201935,CaptureSite_1,0.0
79,1943,2019-09-02,2019,36,201936,CaptureSite_1,0.0
80,1944,2019-09-09,2019,37,201937,CaptureSite_1,0.0
81,1945,2019-09-16,2019,38,201938,CaptureSite_1,0.0
82,1946,2019-09-23,2019,39,201939,CaptureSite_1,0.0
83,1947,2019-09-30,2019,40,201940,CaptureSite_1,0.0
84,1948,2019-10-07,2019,41,201941,CaptureSite_1,0.0
85,1949,2019-10-14,2019,42,201942,CaptureSite_1,0.0
86,1950,2019-10-21,2019,43,201943,CaptureSite_1,0.0
87,1951,2019-10-28,2019,44,201944,CaptureSite_1,0.0
88,2897,2019-01-01,2019,1,201901,CaptureSite_10,0.0
89,2898,2019-01-07,2019,2,201902,CaptureSite_10,0.0
90,2899,2019-01-14,2019,3,201903,CaptureSite_10,0.0
91,2900,2019-01-21,2019,4,201904,CaptureSite_10,0.0
92,2901,2019-01-28,2019,5,201905,CaptureSite_10,0.0
93,2902,2019-02-04,2019,6,201906,CaptureSite_10,0.0
94,2903,2019-02-11,2019,7,201907,CaptureSite_10,0.0
95,2904,2019-02-18,2019,8,201908,CaptureSite_10,0.0
96,2905,2019-02-25,2019,9,201909,CaptureSite_10,0.0
97,2906,2019-03-04,2019,10,201910,CaptureSite_10,0.0
98,2907,2019-03-11,2019,11,201911,CaptureSite_10,0.0
99,2908,2019-03-18,2019,12,201912,CaptureSite_10,0.0
100,2909,2019-03-25,2019,13,201913,CaptureSite_10,0.0
101,2910,2019-04-01,2019,14,201914,CaptureSite_10,0.0
102,2911,2019-04-08,2019,15,201915,CaptureSite_10,0.0
103,2912,2019-04-15,2019,16,201916,CaptureSite_10,0.0
104,2913,2019-04-22,2019,17,201917,CaptureSite_10,0.0
105,2914,2019-04-29,2019,18,201918,CaptureSite_10,0.0
106,2915,2019-05-06,2019,19,201919,CaptureSite_10,0.0
107,2916,2019-05-13,2019,20,201920,CaptureSite_10,0.0
108,2917,2019-05-20,2019,21,201921,CaptureSite_10,0.0
109,2918,2019-05-27,2019,22,201922,CaptureSite_10,0.0
110,2919,2019-06-03,2019,23,201923,CaptureSite_10,0.0
111,2920,2019-06-10,2019,24,201924,CaptureSite_10,0.0
112,2921,2019-06-17,2019,25,201925,CaptureSite_10,0.0
113,2922,2019-06-24,2019,26,201926,CaptureSite_10,0.0
114,2923,2019-07-01,2019,27,201927,CaptureSite_10,0.0
115,2924,2019-07-08,2019,28,201928,CaptureSite_10,0.0
116,2925,2019-07-15,2019,29,201929,CaptureSite_10,0.0
117,2926,2019-07-22,2019,30,201930,CaptureSite_10,0.0
118,2927,2019-07-29,2019,31,201931,CaptureSite_10,0.0
119,2928,2019-08-05,2019,32,201932,CaptureSite_10,0.0
120,2929,2019-08-12,2019,33,201933,CaptureSite_10,0.0
121,2930,2019-08-19,2019,34,201934,CaptureSite_10,0.0
122,2931,2019-08-26,2019,35,201935,CaptureSite_10,0.0
123,2932,2019-09-02,2019,36,201936,CaptureSite_10,0.0
124,2933,2019-09-09,2019,37,201937,CaptureSite_10,0.0
125,2934,2019-09-16,2019,38,201938,CaptureSite_10,0.0
126,2935,2019-09-23,2019,39,201939,CaptureSite_10,0.0
127,2936,2019-09-30,2019,40,201940,CaptureSite_10,0.0
128,2937,2019-10-07,2019,41,201941,CaptureSite_10,0.0
129,2938,2019-10-14,2019,42,201942,CaptureSite_10,0.0
130,2939,2019-10-21,2019,43,201943,CaptureSite_10,0.0
131,2940,2019-10-28,2019,44,201944,CaptureSite_10,0.0
132,4014,2019-01-01,2019,1,201901,CaptureSite_11,0.0
133,4015,2019-01-07,2019,2,201902,CaptureSite_11,0.0
134,4016,2019-01-14,2019,3,201903,CaptureSite_11,0.0
135,4017,2019-01-21,2019,4,201904,CaptureSite_11,0.0
136,4018,2019-01-28,2019,5,201905,CaptureSite_11,0.0
137,4019,2019-02-04,2019,6,201906,CaptureSite_11,0.0
138,4020,2019-02-11,2019,7,201907,CaptureSite_11,0.0
139,4021,2019-02-18,2019,8,201908,CaptureSite_11,0.0
140,4022,2019-02-25,2019,9,201909,CaptureSite_11,0.0
141,4023,2019-03-04,2019,10,201910,CaptureSite_11,0.0
142,4024,2019-03-11,2019,11,201911,CaptureSite_11,0.0
143,4025,2019-03-18,2019,12,201912,CaptureSite_11,0.0
144,4026,2019-03-25,2019,13,201913,CaptureSite_11,0.0
145,4027,2019-04-01,2019,14,201914,CaptureSite_11,0.0
146,4028,2019-04-08,2019,15,201915,CaptureSite_11,0.0
147,4029,2019-04-15,2019,16,201916,CaptureSite_11,0.0
148,4030,2019-04-22,2019,17,201917,CaptureSite_11,0.0
149,4031,2019-04-29,2019,18,201918,CaptureSite_11,0.0
150,4032,2019-05-06,2019,19,201919,CaptureSite_11,0.0
151,4033,2019-05-13,2019,20,201920,CaptureSite_11,0.0
152,4034,2019-05-20,2019,21,201921,CaptureSite_11,0.0
153,4035,2019-05-27,2019,22,201922,CaptureSite_11,0.0
154,4036,2019-06-03,2019,23,201923,CaptureSite_11,0.0
155,4037,2019-06-10,2019,24,201924,CaptureSite_11,0.0
156,4038,2019-06-17,2019,25,201925,CaptureSite_11,0.0
157,4039,2019-06-24,2019,26,201926,CaptureSite_11,0.0
158,4040,2019-07-01,2019,27,201927,CaptureSite_11,0.0
159,4041,2019-07-08,2019,28,201928,CaptureSite_11,0.0
160,4042,2019-07-15,2019,29,201929,CaptureSite_11,0.0
161,4043,2019-07-22,2019,30,201930,CaptureSite_11,0.0
162,4044,2019-07-29,2019,31,201931,CaptureSite_11,0.0
163,4045,2019-08-05,2019,32,201932,CaptureSite_11,0.0
164,4046,2019-08-12,2019,33,201933,CaptureSite_11,0.0
165,4047,2019-08-19,2019,34,201934,CaptureSite_11,0.0
166,4048,2019-08-26,2019,35,201935,CaptureSite_11,0.0
167,4049,2019-09-02,2019,36,201936,CaptureSite_11,0.0
168,4050,2019-09-09,2019,37,201937,CaptureSite_11,0.0
169,4051,2019-09-16,2019,38,201938,CaptureSite_11,0.0
170,4052,2019-09-23,2019,39,201939,CaptureSite_11,0.0
171,4053,2019-09-30,2019,40,201940,CaptureSite_11,0.0
172,4054,2019-10-07,2019,41,201941,CaptureSite_11,0.0
173,4055,2019-10-14,2019,42,201942,CaptureSite_11,0.0
174,4056,2019-10-21,2019,43,201943,CaptureSite_11,0.0
175,4057,2019-10-28,2019,44,201944,CaptureSite_11,0.0
176,4994,2019-01-01,2019,1,201901,CaptureSite_12,0.0
177,4995,2019-01-07,2019,2,201902,CaptureSite_12,0.0
178,4996,2019-01-14,2019,3,201903,CaptureSite_12,0.0
179,4997,2019-01-21,2019,4,201904,CaptureSite_12,0.0
180,4998,2019-01-28,2019,5,201905,CaptureSite_12,0.0
181,4999,2019-02-04,2019,6,201906,CaptureSite_12,0.0
182,5000,2019-02-11,2019,7,201907,CaptureSite_12,0.0
183,5001,2019-02-18,2019,8,201908,CaptureSite_12,0.0
184,5002,2019-02-25,2019,9,201909,CaptureSite_12,0.0
185,5003,2019-03-04,2019,10,201910,CaptureSite_12,0.0
186,5004,2019-03-11,2019,11,201911,CaptureSite_12,0.0
187,5005,2019-03-18,2019,12,201912,CaptureSite_12,0.0
188,5006,2019-03-25,2019,13,201913,CaptureSite_12,0.0
189,5007,2019-04-01,2019,14,201914,CaptureSite_12,0.0
190,5008,2019-04-08,2019,15,201915,CaptureSite_12,0.0
191,5009,2019-04-15,2019,16,201916,CaptureSite_12,0.0
192,5010,2019-04-22,2019,17,201917,CaptureSite_12,0.0
193,5011,2019-04-29,2019,18,201918,CaptureSite_12,0.0
194,5012,2019-05-06,2019,19,201919,CaptureSite_12,0.0
195,5013,2019-05-13,2019,20,201920,CaptureSite_12,0.0
196,5014,2019-05-20,2019,21,201921,CaptureSite_12,0.0
197,5015,2019-05-27,2019,22,201922,CaptureSite_12,0.0
198,5016,2019-06-03,2019,23,201923,CaptureSite_12,0.0
199,5017,2019-06-10,2019,24,201924,CaptureSite_12,0.0
200,5018,2019-06-17,2019,25,201925,CaptureSite_12,0.0
201,5019,2019-06-24,2019,26,201926,CaptureSite_12,0.0
202,5020,2019-07-01,2019,27,201927,CaptureSite_12,0.0
203,5021,2019-07-08,2019,28,201928,CaptureSite_12,0.0
204,5022,2019-07-15,2019,29,201929,CaptureSite_12,0.0
205,5023,2019-07-22,2019,30,201930,CaptureSite_12,0.0
206,5024,2019-07-29,2019,31,201931,CaptureSite_12,0.0
207,5025,2019-08-05,2019,32,201932,CaptureSite_12,0.0
208,5026,2019-08-12,2019,33,201933,CaptureSite_12,0.0
209,5027,2019-08-19,2019,34,201934,CaptureSite_12,0.0
210,5028,2019-08-26,2019,35,201935,CaptureSite_12,0.0
211,5029,2019-09-02,2019,36,201936,CaptureSite_12,0.0
212,5030,2019-09-09,2019,37,201937,CaptureSite_12,0.0
213,5031,2019-09-16,2019,38,201938,CaptureSite_12,0.0
214,5032,2019-09-23,2019,39,201939,CaptureSite_12,0.0
215,5033,2019-09-30,2019,40,201940,CaptureSite_12,0.0
216,5034,2019-10-07,2019,41,201941,CaptureSite_12,0.0
217,5035,2019-10-14,2019,42,201942,CaptureSite_12,0.0
218,5036,2019-10-21,2019,43,201943,CaptureSite_12,0.0
219,5037,2019-10-28,2019,44,201944,CaptureSite_12,0.0
220,5957,2019-01-01,2019,1,201901,CaptureSite_13,0.0
221,5958,2019-01-07,2019,2,201902,CaptureSite_13,0.0
222,5959,2019-01-14,2019,3,201903,CaptureSite_13,0.0
223,5960,2019-01-21,2019,4,201904,CaptureSite_13,0.0
224,5961,2019-01-28,2019,5,201905,CaptureSite_13,0.0
225,5962,2019-02-04,2019,6,201906,CaptureSite_13,0.0
226,5963,2019-02-11,2019,7,201907,CaptureSite_13,0.0
227,5964,2019-02-18,2019,8,201908,CaptureSite_13,0.0
228,5965,2019-02-25,2019,9,201909,CaptureSite_13,0.0
229,5966,2019-03-04,2019,10,201910,CaptureSite_13,0.0
230,5967,2019-03-11,2019,11,201911,CaptureSite_13,0.0
231,5968,2019-03-18,2019,12,201912,CaptureSite_13,0.0
232,5969,2019-03-25,2019,13,201913,CaptureSite_13,0.0
233,5970,2019-04-01,2019,14,201914,CaptureSite_13,0.0
234,5971,2019-04-08,2019,15,201915,CaptureSite_13,0.0
235,5972,2019-04-15,2019,16,201916,CaptureSite_13,0.0
236,5973,2019-04-22,2019,17,201917,CaptureSite_13,0.0
237,5974,2019-04-29,2019,18,201918,CaptureSite_13,0.0
238,5975,2019-05-06,2019,19,201919,CaptureSite_13,0.0
239,5976,2019-05-13,2019,20,201920,CaptureSite_13,0.0
240,5977,2019-05-20,2019,21,201921,CaptureSite_13,0.0
241,5978,2019-05-27,2019,22,201922,CaptureSite_13,0.0
242,5979,2019-06-03,2019,23,201923,CaptureSite_13,0.0
243,5980,2019-06-10,2019,24,201924,CaptureSite_13,0.0
244,5981,2019-06-17,2019,25,201925,CaptureSite_13,0.0
245,5982,2019-06-24,2019,26,201926,CaptureSite_13,0.0
246,5983,2019-07-01,2019,27,201927,CaptureSite_13,0.0
247,5984,2019-07-08,2019,28,201928,CaptureSite_13,0.0
248,5985,2019-07-15,2019,29,201929,CaptureSite_13,0.0
249,5986,2019-07-22,2019,30,201930,CaptureSite_13,0.0
250,5987,2019-07-29,2019,31,201931,CaptureSite_13,0.0
251,5988,2019-08-05,2019,32,201932,CaptureSite_13,0.0
252,5989,2019-08-12,2019,33,201933,CaptureSite_13,0.0
253,5990,2019-08-19,2019,34,201934,CaptureSite_13,0.0
254,5991,2019-08-26,2019,35,201935,CaptureSite_13,0.0
255,5992,2019-09-02,2019,36,201936,CaptureSite_13,0.0
256,5993,2019-09-09,2019,37,201937,CaptureSite_13,0.0
257,5994,2019-09-16,2019,38,201938,CaptureSite_13,0.0
258,5995,2019-09-23,2019,39,201939,CaptureSite_13,0.0
259,5996,2019-09-30,2019,40,201940,CaptureSite_13,0.0
260,5997,2019-10-07,2019,41,201941,CaptureSite_13,0.0
261,5998,2019-10-14,2019,42,201942,CaptureSite_13,0.0
262,5999,2019-10-21,2019,43,201943,CaptureSite_13,0.0
263,6000,2019-10-28,2019,44,201944,CaptureSite_13,0.0
264,6943,2019-01-01,2019,1,201901,CaptureSite_14,0.0
265,6944,2019-01-07,2019,2,201902,CaptureSite_14,0.0
266,6945,2019-01-14,2019,3,201903,CaptureSite_14,0.0
267,6946,2019-01-21,2019,4,201904,CaptureSite_14,0.0
268,6947,2019-01-28,2019,5,201905,CaptureSite_14,0.0
269,6948,2019-02-04,2019,6,201906,CaptureSite_14,0.0
270,6949,2019-02-11,2019,7,201907,CaptureSite_14,0.0
271,6950,2019-02-18,2019,8,201908,CaptureSite_14,0.0
272,6951,2019-02-25,2019,9,201909,CaptureSite_14,0.0
273,6952,2019-03-04,2019,10,201910,CaptureSite_14,0.0
274,6953,2019-03-11,2019,11,201911,CaptureSite_14,0.0
275,6954,2019-03-18,2019,12,201912,CaptureSite_14,0.0
276,6955,2019-03-25,2019,13,201913,CaptureSite_14,0.0
277,6956,2019-04-01,2019,14,201914,CaptureSite_14,0.0
278,6957,2019-04-08,2019,15,201915,CaptureSite_14,0.0
279,6958,2019-04-15,2019,16,201916,CaptureSite_14,0.0
280,6959,2019-04-22,2019,17,201917,CaptureSite_14,0.0
281,6960,2019-04-29,2019,18,201918,CaptureSite_14,0.0
282,6961,2019-05-06,2019,19,201919,CaptureSite_14,0.0
283,6962,2019-05-13,2019,20,201920,CaptureSite_14,0.0
284,6963,2019-05-20,2019,21,201921,CaptureSite_14,0.0
285,6964,2019-05-27,2019,22,201922,CaptureSite_14,0.0
286,6965,2019-06-03,2019,23,201923,CaptureSite_14,0.0
287,6966,2019-06-10,2019,24,201924,CaptureSite_14,0.0
288,6967,2019-06-17,2019,25,201925,CaptureSite_14,0.0
289,6968,2019-06-24,2019,26,201926,CaptureSite_14,0.0
290,6969,2019-07-01,2019,27,201927,CaptureSite_14,0.0
291,6970,2019-07-08,2019,28,201928,CaptureSite_14,0.0
292,6971,2019-07-15,2019,29,201929,CaptureSite_14,0.0
293,6972,2019-07-22,2019,30,201930,CaptureSite_14,0.0
294,6973,2019-07-29,2019,31,201931,CaptureSite_14,0.0
295,6974,2019-08-05,2019,32,201932,CaptureSite_14,0.0
296,6975,2019-08-12,2019,33,201933,CaptureSite_14,0.0
297,6976,2019-08-19,2019,34,201934,CaptureSite_14,0.0
298,6977,2019-08-26,2019,35,201935,CaptureSite_14,0.0
299,6978,2019-09-02,2019,36,201936,CaptureSite_14,0.0
300,6979,2019-09-09,2019,37,201937,CaptureSite_14,0.0
301,6980,2019-09-16,2019,38,201938,CaptureSite_14,0.0
302,6981,2019-09-23,2019,39,201939,CaptureSite_14,0.0
303,6982,2019-09-30,2019,40,201940,CaptureSite_14,0.0
304,6983,2019-10-07,2019,41,201941,CaptureSite_14,0.0
305,6984,2019-10-14,2019,42,201942,CaptureSite_14,0.0
306,6985,2019-10-21,2019,43,201943,CaptureSite_14,0.0
307,6986,2019-10-28,2019,44,201944,CaptureSite_14,0.0
308,7900,2019-01-01,2019,1,201901,CaptureSite_15,0.0
309,7901,2019-01-07,2019,2,201902,CaptureSite_15,0.0
310,7902,2019-01-14,2019,3,201903,CaptureSite_15,0.0
311,7903,2019-01-21,2019,4,201904,CaptureSite_15,0.0
312,7904,2019-01-28,2019,5,201905,CaptureSite_15,0.0
313,7905,2019-02-04,2019,6,201906,CaptureSite_15,0.0
314,7906,2019-02-11,2019,7,201907,CaptureSite_15,0.0
315,7907,2019-02-18,2019,8,201908,CaptureSite_15,0.0
316,7908,2019-02-25,2019,9,201909,CaptureSite_15,0.0
317,7909,2019-03-04,2019,10,201910,CaptureSite_15,0.0
318,7910,2019-03-11,2019,11,201911,CaptureSite_15,0.0
319,7911,2019-03-18,2019,12,201912,CaptureSite_15,0.0
320,7912,2019-03-25,2019,13,201913,CaptureSite_15,0.0
321,7913,2019-04-01,2019,14,201914,CaptureSite_15,0.0
322,7914,2019-04-08,2019,15,201915,CaptureSite_15,0.0
323,7915,2019-04-15,2019,16,201916,CaptureSite_15,0.0
324,7916,2019-04-22,2019,17,201917,CaptureSite_15,0.0
325,7917,2019-04-29,2019,18,201918,CaptureSite_15,0.0
326,7918,2019-05-06,2019,19,201919,CaptureSite_15,0.0
327,7919,2019-05-13,2019,20,201920,CaptureSite_15,0.0
328,7920,2019-05-20,2019,21,201921,CaptureSite_15,0.0
329,7921,2019-05-27,2019,22,201922,CaptureSite_15,0.0
330,7922,2019-06-03,2019,23,201923,CaptureSite_15,0.0
331,7923,2019-06-10,2019,24,201924,CaptureSite_15,0.0
332,7924,2019-06-17,2019,25,201925,CaptureSite_15,0.0
333,7925,2019-06-24,2019,26,201926,CaptureSite_15,0.0
334,7926,2019-07-01,2019,27,201927,CaptureSite_15,0.0
335,7927,2019-07-08,2019,28,201928,CaptureSite_15,0.0
336,7928,2019-07-15,2019,29,201929,CaptureSite_15,0.0
337,7929,2019-07-22,2019,30,201930,CaptureSite_15,0.0
338,7930,2019-07-29,2019,31,201931,CaptureSite_15,0.0
339,7931,2019-08-05,2019,32,201932,CaptureSite_15,0.0
340,7932,2019-08-12,2019,33,201933,CaptureSite_15,0.0
341,7933,2019-08-19,2019,34,201934,CaptureSite_15,0.0
342,7934,2019-08-26,2019,35,201935,CaptureSite_15,0.0
343,7935,2019-09-02,2019,36,201936,CaptureSite_15,0.0
344,7936,2019-09-09,2019,37,201937,CaptureSite_15,0.0
345,7937,2019-09-16,2019,38,201938,CaptureSite_15,0.0
346,7938,2019-09-23,2019,39,201939,CaptureSite_15,0.0
347,7939,2019-09-30,2019,40,201940,CaptureSite_15,0.0
348,7940,2019-10-07,2019,41,201941,CaptureSite_15,0.0
349,7941,2019-10-14,2019,42,201942,CaptureSite_15,0.0
350,7942,2019-10-21,2019,43,201943,CaptureSite_15,0.0
351,7943,2019-10-28,2019,44,201944,CaptureSite_15,0.0
352,8995,2019-01-01,2019,1,201901,CaptureSite_16,0.0
353,8996,2019-01-07,2019,2,201902,CaptureSite_16,0.0
354,8997,2019-01-14,2019,3,201903,CaptureSite_16,0.0
355,8998,2019-01-21,2019,4,201904,CaptureSite_16,0.0
356,8999,2019-01-28,2019,5,201905,CaptureSite_16,0.0
357,9000,2019-02-04,2019,6,201906,CaptureSite_16,0.0
358,9001,2019-02-11,2019,7,201907,CaptureSite_16,0.0
359,9002,2019-02-18,2019,8,201908,CaptureSite_16,0.0
360,9003,2019-02-25,2019,9,201909,CaptureSite_16,0.0
361,9004,2019-03-04,2019,10,201910,CaptureSite_16,0.0
362,9005,2019-03-11,2019,11,201911,CaptureSite_16,0.0
363,9006,2019-03-18,2019,12,201912,CaptureSite_16,0.0
364,9007,2019-03-25,2019,13,201913,CaptureSite_16,0.0
365,9008,2019-04-01,2019,14,201914,CaptureSite_16,0.0
366,9009,2019-04-08,2019,15,201915,CaptureSite_16,0.0
367,9010,2019-04-15,2019,16,201916,CaptureSite_16,0.0
368,9011,2019-04-22,2019,17,201917,CaptureSite_16,0.0
369,9012,2019-04-29,2019,18,201918,CaptureSite_16,0.0
370,9013,2019-05-06,2019,19,201919,CaptureSite_16,0.0
371,9014,2019-05-13,2019,20,201920,CaptureSite_16,0.0
372,9015,2019-05-20,2019,21,201921,CaptureSite_16,0.0
373,9016,2019-05-27,2019,22,201922,CaptureSite_16,0.0
374,9017,2019-06-03,2019,23,201923,CaptureSite_16,0.0
375,9018,2019-06-10,2019,24,201924,CaptureSite_16,0.0
376,9019,2019-06-17,2019,25,201925,CaptureSite_16,0.0
377,9020,2019-06-24,2019,26,201926,CaptureSite_16,0.0
378,9021,2019-07-01,2019,27,201927,CaptureSite_16,0.0
379,9022,2019-07-08,2019,28,201928,CaptureSite_16,0.0
380,9023,2019-07-15,2019,29,201929,CaptureSite_16,0.0
381,9024,2019-07-22,2019,30,201930,CaptureSite_16,0.0
382,9025,2019-07-29,2019,31,201931,CaptureSite_16,0.0
383,9026,2019-08-05,2019,32,201932,CaptureSite_16,0.0
384,9027,2019-08-12,2019,33,201933,CaptureSite_16,0.0
385,9028,2019-08-19,2019,34,201934,CaptureSite_16,0.0
386,9029,2019-08-26,2019,35,201935,CaptureSite_16,0.0
387,9030,2019-09-02,2019,36,201936,CaptureSite_16,0.0
388,9031,2019-09-09,2019,37,201937,CaptureSite_16,0.0
389,9032,2019-09-16,2019,38,201938,CaptureSite_16,0.0
390,9033,2019-09-23,2019,39,201939,CaptureSite_16,0.0
391,9034,2019-09-30,2019,40,201940,CaptureSite_16,0.0
392,9035,2019-10-07,2019,41,201941,CaptureSite_16,0.0
393,9036,2019-10-14,2019,42,201942,CaptureSite_16,0.0
394,9037,2019-10-21,2019,43,201943,CaptureSite_16,0.0
395,9038,2019-10-28,2019,44,201944,CaptureSite_16,0.0
396,9995,2019-01-01,2019,1,201901,CaptureSite_17,0.0
397,9996,2019-01-07,2019,2,201902,CaptureSite_17,0.0
398,9997,2019-01-14,2019,3,201903,CaptureSite_17,0.0
399,9998,2019-01-21,2019,4,201904,CaptureSite_17,0.0
400,9999,2019-01-28,2019,5,201905,CaptureSite_17,0.0
401,10000,2019-02-04,2019,6,201906,CaptureSite_17,0.0
402,10001,2019-02-11,2019,7,201907,CaptureSite_17,0.0
403,10002,2019-02-18,2019,8,201908,CaptureSite_17,0.0
404,10003,2019-02-25,2019,9,201909,CaptureSite_17,0.0
405,10004,2019-03-04,2019,10,201910,CaptureSite_17,0.0
406,10005,2019-03-11,2019,11,201911,CaptureSite_17,0.0
407,10006,2019-03-18,2019,12,201912,CaptureSite_17,0.0
408,10007,2019-03-25,2019,13,201913,CaptureSite_17,0.0
409,10008,2019-04-01,2019,14,201914,CaptureSite_17,0.0
410,10009,2019-04-08,2019,15,201915,CaptureSite_17,0.0
411,10010,2019-04-15,2019,16,201916,CaptureSite_17,0.0
412,10011,2019-04-22,2019,17,201917,CaptureSite_17,0.0
413,10012,2019-04-29,2019,18,201918,CaptureSite_17,0.0
414,10013,2019-05-06,2019,19,201919,CaptureSite_17,0.0
415,10014,2019-05-13,2019,20,201920,CaptureSite_17,0.0
416,10015,2019-05-20,2019,21,201921,CaptureSite_17,0.0
417,10016,2019-05-27,2019,22,201922,CaptureSite_17,0.0
418,10017,2019-06-03,2019,23,201923,CaptureSite_17,0.0
419,10018,2019-06-10,2019,24,201924,CaptureSite_17,0.0
420,10019,2019-06-17,2019,25,201925,CaptureSite_17,0.0
421,10020,2019-06-24,2019,26,201926,CaptureSite_17,0.0
422,10021,2019-07-01,2019,27,201927,CaptureSite_17,0.0
423,10022,2019-07-08,2019,28,201928,CaptureSite_17,0.0
424,10023,2019-07-15,2019,29,201929,CaptureSite_17,0.0
425,10024,2019-07-22,2019,30,201930,CaptureSite_17,0.0
426,10025,2019-07-29,2019,31,201931,CaptureSite_17,0.0
427,10026,2019-08-05,2019,32,201932,CaptureSite_17,0.0
428,10027,2019-08-12,2019,33,201933,CaptureSite_17,0.0
429,10028,2019-08-19,2019,34,201934,CaptureSite_17,0.0
430,10029,2019-08-26,2019,35,201935,CaptureSite_17,0.0
431,10030,2019-09-02,2019,36,201936,CaptureSite_17,0.0
432,10031,2019-09-09,2019,37,201937,CaptureSite_17,0.0
433,10032,2019-09-16,2019,38,201938,CaptureSite_17,0.0
434,10033,2019-09-23,2019,39,201939,CaptureSite_17,0.0
435,10034,2019-09-30,2019,40,201940,CaptureSite_17,0.0
436,10035,2019-10-07,2019,41,201941,CaptureSite_17,0.0
437,10036,2019-10-14,2019,42,201942,CaptureSite_17,0.0
438,10037,2019-10-21,2019,43,201943,CaptureSite_17,0.0
439,10038,2019-10-28,2019,44,201944,CaptureSite_17,0.0
440,10958,2019-01-01,2019,1,201901,CaptureSite_18,0.0
441,10959,2019-01-07,2019,2,201902,CaptureSite_18,0.0
442,10960,2019-01-14,2019,3,201903,CaptureSite_18,0.0
443,10961,2019-01-21,2019,4,201904,CaptureSite_18,0.0
444,10962,2019-01-28,2019,5,201905,CaptureSite_18,0.0
445,10963,2019-02-04,2019,6,201906,CaptureSite_18,0.0
446,10964,2019-02-11,2019,7,201907,CaptureSite_18,0.0
447,10965,2019-02-18,2019,8,201908,CaptureSite_18,0.0
448,10966,2019-02-25,2019,9,201909,CaptureSite_18,0.0
449,10967,2019-03-04,2019,10,201910,CaptureSite_18,0.0
450,10968,2019-03-11,2019,11,201911,CaptureSite_18,0.0
451,10969,2019-03-18,2019,12,201912,CaptureSite_18,0.0
452,10970,2019-03-25,2019,13,201913,CaptureSite_18,0.0
453,10971,2019-04-01,2019,14,201914,CaptureSite_18,0.0
454,10972,2019-04-08,2019,15,201915,CaptureSite_18,0.0
455,10973,2019-04-15,2019,16,201916,CaptureSite_18,0.0
456,10974,2019-04-22,2019,17,201917,CaptureSite_18,0.0
457,10975,2019-04-29,2019,18,201918,CaptureSite_18,0.0
458,10976,2019-05-06,2019,19,201919,CaptureSite_18,0.0
459,10977,2019-05-13,2019,20,201920,CaptureSite_18,0.0
460,10978,2019-05-20,2019,21,201921,CaptureSite_18,0.0
461,10979,2019-05-27,2019,22,201922,CaptureSite_18,0.0
462,10980,2019-06-03,2019,23,201923,CaptureSite_18,0.0
463,10981,2019-06-10,2019,24,201924,CaptureSite_18,0.0
464,10982,2019-06-17,2019,25,201925,CaptureSite_18,0.0
465,10983,2019-06-24,2019,26,201926,CaptureSite_18,0.0
466,10984,2019-07-01,2019,27,201927,CaptureSite_18,0.0
467,10985,2019-07-08,2019,28,201928,CaptureSite_18,0.0
468,10986,2019-07-15,2019,29,201929,CaptureSite_18,0.0
469,10987,2019-07-22,2019,30,201930,CaptureSite_18,0.0
470,10988,2019-07-29,2019,31,201931,CaptureSite_18,0.0
471,10989,2019-08-05,2019,32,201932,CaptureSite_18,0.0
472,10990,2019-08-12,2019,33,201933,CaptureSite_18,0.0
473,10991,2019-08-19,2019,34,201934,CaptureSite_18,0.0
474,10992,2019-08-26,2019,35,201935,CaptureSite_18,0.0
475,10993,2019-09-02,2019,36,201936,CaptureSite_18,0.0
476,10994,2019-09-09,2019,37,201937,CaptureSite_18,0.0
477,10995,2019-09-16,2019,38,201938,CaptureSite_18,0.0
478,10996,2019-09-23,2019,39,201939,CaptureSite_18,0.0
479,10997,2019-09-30,2019,40,201940,CaptureSite_18,0.0
480,10998,2019-10-07,2019,41,201941,CaptureSite_18,0.0
481,10999,2019-10-14,2019,42,201942,CaptureSite_18,0.0
482,11000,2019-10-21,2019,43,201943,CaptureSite_18,0.0
483,11001,2019-10-28,2019,44,201944,CaptureSite_18,0.0
484,11981,2019-01-01,2019,1,201901,CaptureSite_19,0.0
485,11982,2019-01-07,2019,2,201902,CaptureSite_19,0.0
486,11983,2019-01-14,2019,3,201903,CaptureSite_19,0.0
487,11984,2019-01-21,2019,4,201904,CaptureSite_19,0.0
488,11985,2019-01-28,2019,5,201905,CaptureSite_19,0.0
489,11986,2019-02-04,2019,6,201906,CaptureSite_19,0.0
490,11987,2019-02-11,2019,7,201907,CaptureSite_19,0.0
491,11988,2019-02-18,2019,8,201908,CaptureSite_19,0.0
492,11989,2019-02-25,2019,9,201909,CaptureSite_19,0.0
493,11990,2019-03-04,2019,10,201910,CaptureSite_19,0.0
494,11991,2019-03-11,2019,11,201911,CaptureSite_19,0.0
495,11992,2019-03-18,2019,12,201912,CaptureSite_19,0.0
496,11993,2019-03-25,2019,13,201913,CaptureSite_19,0.0
497,11994,2019-04-01,2019,14,201914,CaptureSite_19,0.0
498,11995,2019-04-08,2019,15,201915,CaptureSite_19,0.0
499,11996,2019-04-15,2019,16,201916,CaptureSite_19,0.0
500,11997,2019-04-22,2019,17,201917,CaptureSite_19,0.0
501,11998,2019-04-29,2019,18,201918,CaptureSite_19,0.0
502,11999,2019-05-06,2019,19,201919,CaptureSite_19,0.0
503,12000,2019-05-13,2019,20,201920,CaptureSite_19,0.0
504,12001,2019-05-20,2019,21,201921,CaptureSite_19,0.0
505,12002,2019-05-27,2019,22,201922,CaptureSite_19,0.0
506,12003,2019-06-03,2019,23,201923,CaptureSite_19,0.0
507,12004,2019-06-10,2019,24,201924,CaptureSite_19,0.0
508,12005,2019-06-17,2019,25,201925,CaptureSite_19,0.0
509,12006,2019-06-24,2019,26,201926,CaptureSite_19,0.0
510,12007,2019-07-01,2019,27,201927,CaptureSite_19,0.0
511,12008,2019-07-08,2019,28,201928,CaptureSite_19,0.0
512,12009,2019-07-15,2019,29,201929,CaptureSite_19,0.0
513,12010,2019-07-22,2019,30,201930,CaptureSite_19,0.0
514,12011,2019-07-29,2019,31,201931,CaptureSite_19,0.0
515,12012,2019-08-05,2019,32,201932,CaptureSite_19,0.0
516,12013,2019-08-12,2019,33,201933,CaptureSite_19,0.0
517,12014,2019-08-19,2019,34,201934,CaptureSite_19,0.0
518,12015,2019-08-26,2019,35,201935,CaptureSite_19,0.0
519,12016,2019-09-02,2019,36,201936,CaptureSite_19,0.0
520,12017,2019-09-09,2019,37,201937,CaptureSite_19,0.0
521,12018,2019-09-16,2019,38,201938,CaptureSite_19,0.0
522,12019,2019-09-23,2019,39,201939,CaptureSite_19,0.0
523,12020,2019-09-30,2019,40,201940,CaptureSite_19,0.0
524,12021,2019-10-07,2019,41,201941,CaptureSite_19,0.0
525,12022,2019-10-14,2019,42,201942,CaptureSite_19,0.0
526,12023,2019-10-21,2019,43,201943,CaptureSite_19,0.0
527,12024,2019-10-28,2019,44,201944,CaptureSite_19,0.0
528,12896,2019-01-01,2019,1,201901,CaptureSite_2,0.0
529,12897,2019-01-07,2019,2,201902,CaptureSite_2,0.0
530,12898,2019-01-14,2019,3,201903,CaptureSite_2,0.0
531,12899,2019-01-21,2019,4,201904,CaptureSite_2,0.0
532,12900,2019-01-28,2019,5,201905,CaptureSite_2,0.0
533,12901,2019-02-04,2019,6,201906,CaptureSite_2,0.0
534,12902,2019-02-11,2019,7,201907,CaptureSite_2,0.0
535,12903,2019-02-18,2019,8,201908,CaptureSite_2,0.0
536,12904,2019-02-25,2019,9,201909,CaptureSite_2,0.0
537,12905,2019-03-04,2019,10,201910,CaptureSite_2,0.0
538,12906,2019-03-11,2019,11,201911,CaptureSite_2,0.0
539,12907,2019-03-18,2019,12,201912,CaptureSite_2,0.0
540,12908,2019-03-25,2019,13,201913,CaptureSite_2,0.0
541,12909,2019-04-01,2019,14,201914,CaptureSite_2,0.0
542,12910,2019-04-08,2019,15,201915,CaptureSite_2,0.0
543,12911,2019-04-15,2019,16,201916,CaptureSite_2,0.0
544,12912,2019-04-22,2019,17,201917,CaptureSite_2,0.0
545,12913,2019-04-29,2019,18,201918,CaptureSite_2,0.0
546,12914,2019-05-06,2019,19,201919,CaptureSite_2,0.0
547,12915,2019-05-13,2019,20,201920,CaptureSite_2,0.0
548,12916,2019-05-20,2019,21,201921,CaptureSite_2,0.0
549,12917,2019-05-27,2019,22,201922,CaptureSite_2,0.0
550,12918,2019-06-03,2019,23,201923,CaptureSite_2,0.0
551,12919,2019-06-10,2019,24,201924,CaptureSite_2,0.0
552,12920,2019-06-17,2019,25,201925,CaptureSite_2,0.0
553,12921,2019-06-24,2019,26,201926,CaptureSite_2,0.0
554,12922,2019-07-01,2019,27,201927,CaptureSite_2,0.0
555,12923,2019-07-08,2019,28,201928,CaptureSite_2,0.0
556,12924,2019-07-15,2019,29,201929,CaptureSite_2,0.0
557,12925,2019-07-22,2019,30,201930,CaptureSite_2,0.0
558,12926,2019-07-29,2019,31,201931,CaptureSite_2,0.0
559,12927,2019-08-05,2019,32,201932,CaptureSite_2,0.0
560,12928,2019-08-12,2019,33,201933,CaptureSite_2,0.0
561,12929,2019-08-19,2019,34,201934,CaptureSite_2,0.0
562,12930,2019-08-26,2019,35,201935,CaptureSite_2,0.0
563,12931,2019-09-02,2019,36,201936,CaptureSite_2,0.0
564,12932,2019-09-09,2019,37,201937,CaptureSite_2,0.0
565,12933,2019-09-16,2019,38,201938,CaptureSite_2,0.0
566,12934,2019-09-23,2019,39,201939,CaptureSite_2,0.0
567,12935,2019-09-30,2019,40,201940,CaptureSite_2,0.0
568,12936,2019-10-07,2019,41,201941,CaptureSite_2,0.0
569,12937,2019-10-14,2019,42,201942,CaptureSite_2,0.0
570,12938,2019-10-21,2019,43,201943,CaptureSite_2,0.0
571,12939,2019-10-28,2019,44,201944,CaptureSite_2,0.0
572,13620,2019-01-01,2019,1,201901,CaptureSite_20,0.0
573,13621,2019-01-07,2019,2,201902,CaptureSite_20,0.0
574,13622,2019-01-14,2019,3,201903,CaptureSite_20,0.0
575,13623,2019-01-21,2019,4,201904,CaptureSite_20,0.0
576,13624,2019-01-28,2019,5,201905,CaptureSite_20,0.0
577,13625,2019-02-04,2019,6,201906,CaptureSite_20,0.0
578,13626,2019-02-11,2019,7,201907,CaptureSite_20,0.0
579,13627,2019-02-18,2019,8,201908,CaptureSite_20,0.0
580,13628,2019-02-25,2019,9,201909,CaptureSite_20,0.0
581,13629,2019-03-04,2019,10,201910,CaptureSite_20,0.0
582,13630,2019-03-11,2019,11,201911,CaptureSite_20,0.0
583,13631,2019-03-18,2019,12,201912,CaptureSite_20,0.0
584,13632,2019-03-25,2019,13,201913,CaptureSite_20,0.0
585,13633,2019-04-01,2019,14,201914,CaptureSite_20,0.0
586,13634,2019-04-08,2019,15,201915,CaptureSite_20,0.0
587,13635,2019-04-15,2019,16,201916,CaptureSite_20,0.0
588,13636,2019-04-22,2019,17,201917,CaptureSite_20,0.0
589,13637,2019-04-29,2019,18,201918,CaptureSite_20,0.0
590,13638,2019-05-06,2019,19,201919,CaptureSite_20,0.0
591,13639,2019-05-13,2019,20,201920,CaptureSite_20,0.0
592,13640,2019-05-20,2019,21,201921,CaptureSite_20,0.0
593,13641,2019-05-27,2019,22,201922,CaptureSite_20,0.0
594,13642,2019-06-03,2019,23,201923,CaptureSite_20,0.0
595,13643,2019-06-10,2019,24,201924,CaptureSite_20,0.0
596,13644,2019-06-17,2019,25,201925,CaptureSite_20,0.0
597,13645,2019-06-24,2019,26,201926,CaptureSite_20,0.0
598,13646,2019-07-01,2019,27,201927,CaptureSite_20,0.0
599,13647,2019-07-08,2019,28,201928,CaptureSite_20,0.0
600,13648,2019-07-15,2019,29,201929,CaptureSite_20,0.0
601,13649,2019-07-22,2019,30,201930,CaptureSite_20,0.0
602,13650,2019-07-29,2019,31,201931,CaptureSite_20,0.0
603,13651,2019-08-05,2019,32,201932,CaptureSite_20,0.0
604,13652,2019-08-12,2019,33,201933,CaptureSite_20,0.0
605,13653,2019-08-19,2019,34,201934,CaptureSite_20,0.0
606,13654,2019-08-26,2019,35,201935,CaptureSite_20,0.0
607,13655,2019-09-02,2019,36,201936,CaptureSite_20,0.0
608,13656,2019-09-09,2019,37,201937,CaptureSite_20,0.0
609,13657,2019-09-16,2019,38,201938,CaptureSite_20,0.0
610,13658,2019-09-23,2019,39,201939,CaptureSite_20,0.0
611,13659,2019-09-30,2019,40,201940,CaptureSite_20,0.0
612,13660,2019-10-07,2019,41,201941,CaptureSite_20,0.0
613,13661,2019-10-14,2019,42,201942,CaptureSite_20,0.0
614,13662,2019-10-21,2019,43,201943,CaptureSite_20,0.0
615,13663,2019-10-28,2019,44,201944,CaptureSite_20,0.0
616,14564,2019-01-01,2019,1,201901,CaptureSite_21,0.0
617,14565,2019-01-07,2019,2,201902,CaptureSite_21,0.0
618,14566,2019-01-14,2019,3,201903,CaptureSite_21,0.0
619,14567,2019-01-21,2019,4,201904,CaptureSite_21,0.0
620,14568,2019-01-28,2019,5,201905,CaptureSite_21,0.0
621,14569,2019-02-04,2019,6,201906,CaptureSite_21,0.0
622,14570,2019-02-11,2019,7,201907,CaptureSite_21,0.0
623,14571,2019-02-18,2019,8,201908,CaptureSite_21,0.0
624,14572,2019-02-25,2019,9,201909,CaptureSite_21,0.0
625,14573,2019-03-04,2019,10,201910,CaptureSite_21,0.0
626,14574,2019-03-11,2019,11,201911,CaptureSite_21,0.0
627,14575,2019-03-18,2019,12,201912,CaptureSite_21,0.0
628,14576,2019-03-25,2019,13,201913,CaptureSite_21,0.0
629,14577,2019-04-01,2019,14,201914,CaptureSite_21,0.0
630,14578,2019-04-08,2019,15,201915,CaptureSite_21,0.0
631,14579,2019-04-15,2019,16,201916,CaptureSite_21,0.0
632,14580,2019-04-22,2019,17,201917,CaptureSite_21,0.0
633,14581,2019-04-29,2019,18,201918,CaptureSite_21,0.0
634,14582,2019-05-06,2019,19,201919,CaptureSite_21,0.0
635,14583,2019-05-13,2019,20,201920,CaptureSite_21,0.0
636,14584,2019-05-20,2019,21,201921,CaptureSite_21,0.0
637,14585,2019-05-27,2019,22,201922,CaptureSite_21,0.0
638,14586,2019-06-03,2019,23,201923,CaptureSite_21,0.0
639,14587,2019-06-10,2019,24,201924,CaptureSite_21,0.0
640,14588,2019-06-17,2019,25,201925,CaptureSite_21,0.0
641,14589,2019-06-24,2019,26,201926,CaptureSite_21,0.0
642,14590,2019-07-01,2019,27,201927,CaptureSite_21,0.0
643,14591,2019-07-08,2019,28,201928,CaptureSite_21,0.0
644,14592,2019-07-15,2019,29,201929,CaptureSite_21,0.0
645,14593,2019-07-22,2019,30,201930,CaptureSite_21,0.0
646,14594,2019-07-29,2019,31,201931,CaptureSite_21,0.0
647,14595,2019-08-05,2019,32,201932,CaptureSite_21,0.0
648,14596,2019-08-12,2019,33,201933,CaptureSite_21,0.0
649,14597,2019-08-19,2019,34,201934,CaptureSite_21,0.0
650,14598,2019-08-26,2019,35,201935,CaptureSite_21,0.0
651,14599,2019-09-02,2019,36,201936,CaptureSite_21,0.0
652,14600,2019-09-09,2019,37,201937,CaptureSite_21,0.0
653,14601,2019-09-16,2019,38,201938,CaptureSite_21,0.0
654,14602,2019-09-23,2019,39,201939,CaptureSite_21,0.0
655,14603,2019-09-30,2019,40,201940,CaptureSite_21,0.0
656,14604,2019-10-07,2019,41,201941,CaptureSite_21,0.0
657,14605,2019-10-14,2019,42,201942,CaptureSite_21,0.0
658,14606,2019-10-21,2019,43,201943,CaptureSite_21,0.0
659,14607,2019-10-28,2019,44,201944,CaptureSite_21,0.0
660,15514,2019-01-01,2019,1,201901,CaptureSite_22,0.0
661,15515,2019-01-07,2019,2,201902,CaptureSite_22,0.0
662,15516,2019-01-14,2019,3,201903,CaptureSite_22,0.0
663,15517,2019-01-21,2019,4,201904,CaptureSite_22,0.0
664,15518,2019-01-28,2019,5,201905,CaptureSite_22,0.0
665,15519,2019-02-04,2019,6,201906,CaptureSite_22,0.0
666,15520,2019-02-11,2019,7,201907,CaptureSite_22,0.0
667,15521,2019-02-18,2019,8,201908,CaptureSite_22,0.0
668,15522,2019-02-25,2019,9,201909,CaptureSite_22,0.0
669,15523,2019-03-04,2019,10,201910,CaptureSite_22,0.0
670,15524,2019-03-11,2019,11,201911,CaptureSite_22,0.0
671,15525,2019-03-18,2019,12,201912,CaptureSite_22,0.0
672,15526,2019-03-25,2019,13,201913,CaptureSite_22,0.0
673,15527,2019-04-01,2019,14,201914,CaptureSite_22,0.0
674,15528,2019-04-08,2019,15,201915,CaptureSite_22,0.0
675,15529,2019-04-15,2019,16,201916,CaptureSite_22,0.0
676,15530,2019-04-22,2019,17,201917,CaptureSite_22,0.0
677,15531,2019-04-29,2019,18,201918,CaptureSite_22,0.0
678,15532,2019-05-06,2019,19,201919,CaptureSite_22,0.0
679,15533,2019-05-13,2019,20,201920,CaptureSite_22,0.0
680,15534,2019-05-20,2019,21,201921,CaptureSite_22,0.0
681,15535,2019-05-27,2019,22,201922,CaptureSite_22,0.0
682,15536,2019-06-03,2019,23,201923,CaptureSite_22,0.0
683,15537,2019-06-10,2019,24,201924,CaptureSite_22,0.0
684,15538,2019-06-17,2019,25,201925,CaptureSite_22,0.0
685,15539,2019-06-24,2019,26,201926,CaptureSite_22,0.0
686,15540,2019-07-01,2019,27,201927,CaptureSite_22,0.0
687,15541,2019-07-08,2019,28,201928,CaptureSite_22,0.0
688,15542,2019-07-15,2019,29,201929,CaptureSite_22,0.0
689,15543,2019-07-22,2019,30,201930,CaptureSite_22,0.0
690,15544,2019-07-29,2019,31,201931,CaptureSite_22,0.0
691,15545,2019-08-05,2019,32,201932,CaptureSite_22,0.0
692,15546,2019-08-12,2019,33,201933,CaptureSite_22,0.0
693,15547,2019-08-19,2019,34,201934,CaptureSite_22,0.0
694,15548,2019-08-26,2019,35,201935,CaptureSite_22,0.0
695,15549,2019-09-02,2019,36,201936,CaptureSite_22,0.0
696,15550,2019-09-09,2019,37,201937,CaptureSite_22,0.0
697,15551,2019-09-16,2019,38,201938,CaptureSite_22,0.0
698,15552,2019-09-23,2019,39,201939,CaptureSite_22,0.0
699,15553,2019-09-30,2019,40,201940,CaptureSite_22,0.0
700,15554,2019-10-07,2019,41,201941,CaptureSite_22,0.0
701,15555,2019-10-14,2019,42,201942,CaptureSite_22,0.0
702,15556,2019-10-21,2019,43,201943,CaptureSite_22,0.0
703,15557,2019-10-28,2019,44,201944,CaptureSite_22,0.0
704,16612,2019-01-01,2019,1,201901,CaptureSite_23,0.0
705,16613,2019-01-07,2019,2,201902,CaptureSite_23,0.0
706,16614,2019-01-14,2019,3,201903,CaptureSite_23,0.0
707,16615,2019-01-21,2019,4,201904,CaptureSite_23,0.0
708,16616,2019-01-28,2019,5,201905,CaptureSite_23,0.0
709,16617,2019-02-04,2019,6,201906,CaptureSite_23,0.0
710,16618,2019-02-11,2019,7,201907,CaptureSite_23,0.0
711,16619,2019-02-18,2019,8,201908,CaptureSite_23,0.0
712,16620,2019-02-25,2019,9,201909,CaptureSite_23,0.0
713,16621,2019-03-04,2019,10,201910,CaptureSite_23,0.0
714,16622,2019-03-11,2019,11,201911,CaptureSite_23,0.0
715,16623,2019-03-18,2019,12,201912,CaptureSite_23,0.0
716,16624,2019-03-25,2019,13,201913,CaptureSite_23,0.0
717,16625,2019-04-01,2019,14,201914,CaptureSite_23,0.0
718,16626,2019-04-08,2019,15,201915,CaptureSite_23,0.0
719,16627,2019-04-15,2019,16,201916,CaptureSite_23,0.0
720,16628,2019-04-22,2019,17,201917,CaptureSite_23,0.0
721,16629,2019-04-29,2019,18,201918,CaptureSite_23,0.0
722,16630,2019-05-06,2019,19,201919,CaptureSite_23,0.0
723,16631,2019-05-13,2019,20,201920,CaptureSite_23,0.0
724,16632,2019-05-20,2019,21,201921,CaptureSite_23,0.0
725,16633,2019-05-27,2019,22,201922,CaptureSite_23,0.0
726,16634,2019-06-03,2019,23,201923,CaptureSite_23,0.0
727,16635,2019-06-10,2019,24,201924,CaptureSite_23,0.0
728,16636,2019-06-17,2019,25,201925,CaptureSite_23,0.0
729,16637,2019-06-24,2019,26,201926,CaptureSite_23,0.0
730,16638,2019-07-01,2019,27,201927,CaptureSite_23,0.0
731,16639,2019-07-08,2019,28,201928,CaptureSite_23,0.0
732,16640,2019-07-15,2019,29,201929,CaptureSite_23,0.0
733,16641,2019-07-22,2019,30,201930,CaptureSite_23,0.0
734,16642,2019-07-29,2019,31,201931,CaptureSite_23,0.0
735,16643,2019-08-05,2019,32,201932,CaptureSite_23,0.0
736,16644,2019-08-12,2019,33,201933,CaptureSite_23,0.0
737,16645,2019-08-19,2019,34,201934,CaptureSite_23,0.0
738,16646,2019-08-26,2019,35,201935,CaptureSite_23,0.0
739,16647,2019-09-02,2019,36,201936,CaptureSite_23,0.0
740,16648,2019-09-09,2019,37,201937,CaptureSite_23,0.0
741,16649,2019-09-16,2019,38,201938,CaptureSite_23,0.0
742,16650,2019-09-23,2019,39,201939,CaptureSite_23,0.0
743,16651,2019-09-30,2019,40,201940,CaptureSite_23,0.0
744,16652,2019-10-07,2019,41,201941,CaptureSite_23,0.0
745,16653,2019-10-14,2019,42,201942,CaptureSite_23,0.0
746,16654,2019-10-21,2019,43,201943,CaptureSite_23,0.0
747,16655,2019-10-28,2019,44,201944,CaptureSite_23,0.0
748,17573,2019-01-01,2019,1,201901,CaptureSite_24,0.0
749,17574,2019-01-07,2019,2,201902,CaptureSite_24,0.0
750,17575,2019-01-14,2019,3,201903,CaptureSite_24,0.0
751,17576,2019-01-21,2019,4,201904,CaptureSite_24,0.0
752,17577,2019-01-28,2019,5,201905,CaptureSite_24,0.0
753,17578,2019-02-04,2019,6,201906,CaptureSite_24,0.0
754,17579,2019-02-11,2019,7,201907,CaptureSite_24,0.0
755,17580,2019-02-18,2019,8,201908,CaptureSite_24,0.0
756,17581,2019-02-25,2019,9,201909,CaptureSite_24,0.0
757,17582,2019-03-04,2019,10,201910,CaptureSite_24,0.0
758,17583,2019-03-11,2019,11,201911,CaptureSite_24,0.0
759,17584,2019-03-18,2019,12,201912,CaptureSite_24,0.0
760,17585,2019-03-25,2019,13,201913,CaptureSite_24,0.0
761,17586,2019-04-01,2019,14,201914,CaptureSite_24,0.0
762,17587,2019-04-08,2019,15,201915,CaptureSite_24,0.0
763,17588,2019-04-15,2019,16,201916,CaptureSite_24,0.0
764,17589,2019-04-22,2019,17,201917,CaptureSite_24,0.0
765,17590,2019-04-29,2019,18,201918,CaptureSite_24,0.0
766,17591,2019-05-06,2019,19,201919,CaptureSite_24,0.0
767,17592,2019-05-13,2019,20,201920,CaptureSite_24,0.0
768,17593,2019-05-20,2019,21,201921,CaptureSite_24,0.0
769,17594,2019-05-27,2019,22,201922,CaptureSite_24,0.0
770,17595,2019-06-03,2019,23,201923,CaptureSite_24,0.0
771,17596,2019-06-10,2019,24,201924,CaptureSite_24,0.0
772,17597,2019-06-17,2019,25,201925,CaptureSite_24,0.0
773,17598,2019-06-24,2019,26,201926,CaptureSite_24,0.0
774,17599,2019-07-01,2019,27,201927,CaptureSite_24,0.0
775,17600,2019-07-08,2019,28,201928,CaptureSite_24,0.0
776,17601,2019-07-15,2019,29,201929,CaptureSite_24,0.0
777,17602,2019-07-22,2019,30,201930,CaptureSite_24,0.0
778,17603,2019-07-29,2019,31,201931,CaptureSite_24,0.0
779,17604,2019-08-05,2019,32,201932,CaptureSite_24,0.0
780,17605,2019-08-12,2019,33,201933,CaptureSite_24,0.0
781,17606,2019-08-19,2019,34,201934,CaptureSite_24,0.0
782,17607,2019-08-26,2019,35,201935,CaptureSite_24,0.0
783,17608,2019-09-02,2019,36,201936,CaptureSite_24,0.0
784,17609,2019-09-09,2019,37,201937,CaptureSite_24,0.0
785,17610,2019-09-16,2019,38,201938,CaptureSite_24,0.0
786,17611,2019-09-23,2019,39,201939,CaptureSite_24,0.0
787,17612,2019-09-30,2019,40,201940,CaptureSite_24,0.0
788,17613,2019-10-07,2019,41,201941,CaptureSite_24,0.0
789,17614,2019-10-14,2019,42,201942,CaptureSite_24,0.0
790,17615,2019-10-21,2019,43,201943,CaptureSite_24,0.0
791,17616,2019-10-28,2019,44,201944,CaptureSite_24,0.0
792,18525,2019-01-01,2019,1,201901,CaptureSite_25,0.0
793,18526,2019-01-07,2019,2,201902,CaptureSite_25,0.0
794,18527,2019-01-14,2019,3,201903,CaptureSite_25,0.0
795,18528,2019-01-21,2019,4,201904,CaptureSite_25,0.0
796,18529,2019-01-28,2019,5,201905,CaptureSite_25,0.0
797,18530,2019-02-04,2019,6,201906,CaptureSite_25,0.0
798,18531,2019-02-11,2019,7,201907,CaptureSite_25,0.0
799,18532,2019-02-18,2019,8,201908,CaptureSite_25,0.0
800,18533,2019-02-25,2019,9,201909,CaptureSite_25,0.0
801,18534,2019-03-04,2019,10,201910,CaptureSite_25,0.0
802,18535,2019-03-11,2019,11,201911,CaptureSite_25,0.0
803,18536,2019-03-18,2019,12,201912,CaptureSite_25,0.0
804,18537,2019-03-25,2019,13,201913,CaptureSite_25,0.0
805,18538,2019-04-01,2019,14,201914,CaptureSite_25,0.0
806,18539,2019-04-08,2019,15,201915,CaptureSite_25,0.0
807,18540,2019-04-15,2019,16,201916,CaptureSite_25,0.0
808,18541,2019-04-22,2019,17,201917,CaptureSite_25,0.0
809,18542,2019-04-29,2019,18,201918,CaptureSite_25,0.0
810,18543,2019-05-06,2019,19,201919,CaptureSite_25,0.0
811,18544,2019-05-13,2019,20,201920,CaptureSite_25,0.0
812,18545,2019-05-20,2019,21,201921,CaptureSite_25,0.0
813,18546,2019-05-27,2019,22,201922,CaptureSite_25,0.0
814,18547,2019-06-03,2019,23,201923,CaptureSite_25,0.0
815,18548,2019-06-10,2019,24,201924,CaptureSite_25,0.0
816,18549,2019-06-17,2019,25,201925,CaptureSite_25,0.0
817,18550,2019-06-24,2019,26,201926,CaptureSite_25,0.0
818,18551,2019-07-01,2019,27,201927,CaptureSite_25,0.0
819,18552,2019-07-08,2019,28,201928,CaptureSite_25,0.0
820,18553,2019-07-15,2019,29,201929,CaptureSite_25,0.0
821,18554,2019-07-22,2019,30,201930,CaptureSite_25,0.0
822,18555,2019-07-29,2019,31,201931,CaptureSite_25,0.0
823,18556,2019-08-05,2019,32,201932,CaptureSite_25,0.0
824,18557,2019-08-12,2019,33,201933,CaptureSite_25,0.0
825,18558,2019-08-19,2019,34,201934,CaptureSite_25,0.0
826,18559,2019-08-26,2019,35,201935,CaptureSite_25,0.0
827,18560,2019-09-02,2019,36,201936,CaptureSite_25,0.0
828,18561,2019-09-09,2019,37,201937,CaptureSite_25,0.0
829,18562,2019-09-16,2019,38,201938,CaptureSite_25,0.0
830,18563,2019-09-23,2019,39,201939,CaptureSite_25,0.0
831,18564,2019-09-30,2019,40,201940,CaptureSite_25,0.0
832,18565,2019-10-07,2019,41,201941,CaptureSite_25,0.0
833,18566,2019-10-14,2019,42,201942,CaptureSite_25,0.0
834,18567,2019-10-21,2019,43,201943,CaptureSite_25,0.0
835,18568,2019-10-28,2019,44,201944,CaptureSite_25,0.0
836,19582,2019-01-01,2019,1,201901,CaptureSite_26,0.0
837,19583,2019-01-07,2019,2,201902,CaptureSite_26,0.0
838,19584,2019-01-14,2019,3,201903,CaptureSite_26,0.0
839,19585,2019-01-21,2019,4,201904,CaptureSite_26,0.0
840,19586,2019-01-28,2019,5,201905,CaptureSite_26,0.0
841,19587,2019-02-04,2019,6,201906,CaptureSite_26,0.0
842,19588,2019-02-11,2019,7,201907,CaptureSite_26,0.0
843,19589,2019-02-18,2019,8,201908,CaptureSite_26,0.0
844,19590,2019-02-25,2019,9,201909,CaptureSite_26,0.0
845,19591,2019-03-04,2019,10,201910,CaptureSite_26,0.0
846,19592,2019-03-11,2019,11,201911,CaptureSite_26,0.0
847,19593,2019-03-18,2019,12,201912,CaptureSite_26,0.0
848,19594,2019-03-25,2019,13,201913,CaptureSite_26,0.0
849,19595,2019-04-01,2019,14,201914,CaptureSite_26,0.0
850,19596,2019-04-08,2019,15,201915,CaptureSite_26,0.0
851,19597,2019-04-15,2019,16,201916,CaptureSite_26,0.0
852,19598,2019-04-22,2019,17,201917,CaptureSite_26,0.0
853,19599,2019-04-29,2019,18,201918,CaptureSite_26,0.0
854,19600,2019-05-06,2019,19,201919,CaptureSite_26,0.0
855,19601,2019-05-13,2019,20,201920,CaptureSite_26,0.0
856,19602,2019-05-20,2019,21,201921,CaptureSite_26,0.0
857,19603,2019-05-27,2019,22,201922,CaptureSite_26,0.0
858,19604,2019-06-03,2019,23,201923,CaptureSite_26,0.0
859,19605,2019-06-10,2019,24,201924,CaptureSite_26,0.0
860,19606,2019-06-17,2019,25,201925,CaptureSite_26,0.0
861,19607,2019-06-24,2019,26,201926,CaptureSite_26,0.0
862,19608,2019-07-01,2019,27,201927,CaptureSite_26,0.0
863,19609,2019-07-08,2019,28,201928,CaptureSite_26,0.0
864,19610,2019-07-15,2019,29,201929,CaptureSite_26,0.0
865,19611,2019-07-22,2019,30,201930,CaptureSite_26,0.0
866,19612,2019-07-29,2019,31,201931,CaptureSite_26,0.0
867,19613,2019-08-05,2019,32,201932,CaptureSite_26,0.0
868,19614,2019-08-12,2019,33,201933,CaptureSite_26,0.0
869,19615,2019-08-19,2019,34,201934,CaptureSite_26,0.0
870,19616,2019-08-26,2019,35,201935,CaptureSite_26,0.0
871,19617,2019-09-02,2019,36,201936,CaptureSite_26,0.0
872,19618,2019-09-09,2019,37,201937,CaptureSite_26,0.0
873,19619,2019-09-16,2019,38,201938,CaptureSite_26,0.0
874,19620,2019-09-23,2019,39,201939,CaptureSite_26,0.0
875,19621,2019-09-30,2019,40,201940,CaptureSite_26,0.0
876,19622,2019-10-07,2019,41,201941,CaptureSite_26,0.0
877,19623,2019-10-14,2019,42,201942,CaptureSite_26,0.0
878,19624,2019-10-21,2019,43,201943,CaptureSite_26,0.0
879,19625,2019-10-28,2019,44,201944,CaptureSite_26,0.0
880,20711,2019-01-01,2019,1,201901,CaptureSite_27,0.0
881,20712,2019-01-07,2019,2,201902,CaptureSite_27,0.0
882,20713,2019-01-14,2019,3,201903,CaptureSite_27,0.0
883,20714,2019-01-21,2019,4,201904,CaptureSite_27,0.0
884,20715,2019-01-28,2019,5,201905,CaptureSite_27,0.0
885,20716,2019-02-04,2019,6,201906,CaptureSite_27,0.0
886,20717,2019-02-11,2019,7,201907,CaptureSite_27,0.0
887,20718,2019-02-18,2019,8,201908,CaptureSite_27,0.0
888,20719,2019-02-25,2019,9,201909,CaptureSite_27,0.0
889,20720,2019-03-04,2019,10,201910,CaptureSite_27,0.0
890,20721,2019-03-11,2019,11,201911,CaptureSite_27,0.0
891,20722,2019-03-18,2019,12,201912,CaptureSite_27,0.0
892,20723,2019-03-25,2019,13,201913,CaptureSite_27,0.0
893,20724,2019-04-01,2019,14,201914,CaptureSite_27,0.0
894,20725,2019-04-08,2019,15,201915,CaptureSite_27,0.0
895,20726,2019-04-15,2019,16,201916,CaptureSite_27,0.0
896,20727,2019-04-22,2019,17,201917,CaptureSite_27,0.0
897,20728,2019-04-29,2019,18,201918,CaptureSite_27,0.0
898,20729,2019-05-06,2019,19,201919,CaptureSite_27,0.0
899,20730,2019-05-13,2019,20,201920,CaptureSite_27,0.0
900,20731,2019-05-20,2019,21,201921,CaptureSite_27,0.0
901,20732,2019-05-27,2019,22,201922,CaptureSite_27,0.0
902,20733,2019-06-03,2019,23,201923,CaptureSite_27,0.0
903,20734,2019-06-10,2019,24,201924,CaptureSite_27,0.0
904,20735,2019-06-17,2019,25,201925,CaptureSite_27,0.0
905,20736,2019-06-24,2019,26,201926,CaptureSite_27,0.0
906,20737,2019-07-01,2019,27,201927,CaptureSite_27,0.0
907,20738,2019-07-08,2019,28,201928,CaptureSite_27,0.0
908,20739,2019-07-15,2019,29,201929,CaptureSite_27,0.0
909,20740,2019-07-22,2019,30,201930,CaptureSite_27,0.0
910,20741,2019-07-29,2019,31,201931,CaptureSite_27,0.0
911,20742,2019-08-05,2019,32,201932,CaptureSite_27,0.0
912,20743,2019-08-12,2019,33,201933,CaptureSite_27,0.0
913,20744,2019-08-19,2019,34,201934,CaptureSite_27,0.0
914,20745,2019-08-26,2019,35,201935,CaptureSite_27,0.0
915,20746,2019-09-02,2019,36,201936,CaptureSite_27,0.0
916,20747,2019-09-09,2019,37,201937,CaptureSite_27,0.0
917,20748,2019-09-16,2019,38,201938,CaptureSite_27,0.0
918,20749,2019-09-23,2019,39,201939,CaptureSite_27,0.0
919,20750,2019-09-30,2019,40,201940,CaptureSite_27,0.0
920,20751,2019-10-07,2019,41,201941,CaptureSite_27,0.0
921,20752,2019-10-14,2019,42,201942,CaptureSite_27,0.0
922,20753,2019-10-21,2019,43,201943,CaptureSite_27,0.0
923,20754,2019-10-28,2019,44,201944,CaptureSite_27,0.0
924,21678,2019-01-01,2019,1,201901,CaptureSite_28,0.0
925,21679,2019-01-07,2019,2,201902,CaptureSite_28,0.0
926,21680,2019-01-14,2019,3,201903,CaptureSite_28,0.0
927,21681,2019-01-21,2019,4,201904,CaptureSite_28,0.0
928,21682,2019-01-28,2019,5,201905,CaptureSite_28,0.0
929,21683,2019-02-04,2019,6,201906,CaptureSite_28,0.0
930,21684,2019-02-11,2019,7,201907,CaptureSite_28,0.0
931,21685,2019-02-18,2019,8,201908,CaptureSite_28,0.0
932,21686,2019-02-25,2019,9,201909,CaptureSite_28,0.0
933,21687,2019-03-04,2019,10,201910,CaptureSite_28,0.0
934,21688,2019-03-11,2019,11,201911,CaptureSite_28,0.0
935,21689,2019-03-18,2019,12,201912,CaptureSite_28,0.0
936,21690,2019-03-25,2019,13,201913,CaptureSite_28,0.0
937,21691,2019-04-01,2019,14,201914,CaptureSite_28,0.0
938,21692,2019-04-08,2019,15,201915,CaptureSite_28,0.0
939,21693,2019-04-15,2019,16,201916,CaptureSite_28,0.0
940,21694,2019-04-22,2019,17,201917,CaptureSite_28,0.0
941,21695,2019-04-29,2019,18,201918,CaptureSite_28,0.0
942,21696,2019-05-06,2019,19,201919,CaptureSite_28,0.0
943,21697,2019-05-13,2019,20,201920,CaptureSite_28,0.0
944,21698,2019-05-20,2019,21,201921,CaptureSite_28,0.0
945,21699,2019-05-27,2019,22,201922,CaptureSite_28,0.0
946,21700,2019-06-03,2019,23,201923,CaptureSite_28,0.0
947,21701,2019-06-10,2019,24,201924,CaptureSite_28,0.0
948,21702,2019-06-17,2019,25,201925,CaptureSite_28,0.0
949,21703,2019-06-24,2019,26,201926,CaptureSite_28,0.0
950,21704,2019-07-01,2019,27,201927,CaptureSite_28,0.0
951,21705,2019-07-08,2019,28,201928,CaptureSite_28,0.0
952,21706,2019-07-15,2019,29,201929,CaptureSite_28,0.0
953,21707,2019-07-22,2019,30,201930,CaptureSite_28,0.0
954,21708,2019-07-29,2019,31,201931,CaptureSite_28,0.0
955,21709,2019-08-05,2019,32,201932,CaptureSite_28,0.0
956,21710,2019-08-12,2019,33,201933,CaptureSite_28,0.0
957,21711,2019-08-19,2019,34,201934,CaptureSite_28,0.0
958,21712,2019-08-26,2019,35,201935,CaptureSite_28,0.0
959,21713,2019-09-02,2019,36,201936,CaptureSite_28,0.0
960,21714,2019-09-09,2019,37,201937,CaptureSite_28,0.0
961,21715,2019-09-16,2019,38,201938,CaptureSite_28,0.0
962,21716,2019-09-23,2019,39,201939,CaptureSite_28,0.0
963,21717,2019-09-30,2019,40,201940,CaptureSite_28,0.0
964,21718,2019-10-07,2019,41,201941,CaptureSite_28,0.0
965,21719,2019-10-14,2019,42,201942,CaptureSite_28,0.0
966,21720,2019-10-21,2019,43,201943,CaptureSite_28,0.0
967,21721,2019-10-28,2019,44,201944,CaptureSite_28,0.0
968,22530,2019-01-01,2019,1,201901,CaptureSite_3,0.0
969,22531,2019-01-07,2019,2,201902,CaptureSite_3,0.0
970,22532,2019-01-14,2019,3,201903,CaptureSite_3,0.0
971,22533,2019-01-21,2019,4,201904,CaptureSite_3,0.0
972,22534,2019-01-28,2019,5,201905,CaptureSite_3,0.0
973,22535,2019-02-04,2019,6,201906,CaptureSite_3,0.0
974,22536,2019-02-11,2019,7,201907,CaptureSite_3,0.0
975,22537,2019-02-18,2019,8,201908,CaptureSite_3,0.0
976,22538,2019-02-25,2019,9,201909,CaptureSite_3,0.0
977,22539,2019-03-04,2019,10,201910,CaptureSite_3,0.0
978,22540,2019-03-11,2019,11,201911,CaptureSite_3,0.0
979,22541,2019-03-18,2019,12,201912,CaptureSite_3,0.0
980,22542,2019-03-25,2019,13,201913,CaptureSite_3,0.0
981,22543,2019-04-01,2019,14,201914,CaptureSite_3,0.0
982,22544,2019-04-08,2019,15,201915,CaptureSite_3,0.0
983,22545,2019-04-15,2019,16,201916,CaptureSite_3,0.0
984,22546,2019-04-22,2019,17,201917,CaptureSite_3,0.0
985,22547,2019-04-29,2019,18,201918,CaptureSite_3,0.0
986,22548,2019-05-06,2019,19,201919,CaptureSite_3,0.0
987,22549,2019-05-13,2019,20,201920,CaptureSite_3,0.0
988,22550,2019-05-20,2019,21,201921,CaptureSite_3,0.0
989,22551,2019-05-27,2019,22,201922,CaptureSite_3,0.0
990,22552,2019-06-03,2019,23,201923,CaptureSite_3,0.0
991,22553,2019-06-10,2019,24,201924,CaptureSite_3,0.0
992,22554,2019-06-17,2019,25,201925,CaptureSite_3,0.0
993,22555,2019-06-24,2019,26,201926,CaptureSite_3,0.0
994,22556,2019-07-01,2019,27,201927,CaptureSite_3,0.0
995,22557,2019-07-08,2019,28,201928,CaptureSite_3,0.0
996,22558,2019-07-15,2019,29,201929,CaptureSite_3,0.0
997,22559,2019-07-22,2019,30,201930,CaptureSite_3,0.0
998,22560,2019-07-29,2019,31,201931,CaptureSite_3,0.0
999,22561,2019-08-05,2019,32,201932,CaptureSite_3,0.0
1000,22562,2019-08-12,2019,33,201933,CaptureSite_3,0.0
1001,22563,2019-08-19,2019,34,201934,CaptureSite_3,0.0
1002,22564,2019-08-26,2019,35,201935,CaptureSite_3,0.0
1003,22565,2019-09-02,2019,36,201936,CaptureSite_3,0.0
1004,22566,2019-09-09,2019,37,201937,CaptureSite_3,0.0
1005,22567,2019-09-16,2019,38,201938,CaptureSite_3,0.0
1006,22568,2019-09-23,2019,39,201939,CaptureSite_3,0.0
1007,22569,2019-09-30,2019,40,201940,CaptureSite_3,0.0
1008,22570,2019-10-07,2019,41,201941,CaptureSite_3,0.0
1009,22571,2019-10-14,2019,42,201942,CaptureSite_3,0.0
1010,22572,2019-10-21,2019,43,201943,CaptureSite_3,0.0
1011,22573,2019-10-28,2019,44,201944,CaptureSite_3,0.0
1012,23470,2019-01-01,2019,1,201901,CaptureSite_4,0.0
1013,23471,2019-01-07,2019,2,201902,CaptureSite_4,0.0
1014,23472,2019-01-14,2019,3,201903,CaptureSite_4,0.0
1015,23473,2019-01-21,2019,4,201904,CaptureSite_4,0.0
1016,23474,2019-01-28,2019,5,201905,CaptureSite_4,0.0
1017,23475,2019-02-04,2019,6,201906,CaptureSite_4,0.0
1018,23476,2019-02-11,2019,7,201907,CaptureSite_4,0.0
1019,23477,2019-02-18,2019,8,201908,CaptureSite_4,0.0
1020,23478,2019-02-25,2019,9,201909,CaptureSite_4,0.0
1021,23479,2019-03-04,2019,10,201910,CaptureSite_4,0.0
1022,23480,2019-03-11,2019,11,201911,CaptureSite_4,0.0
1023,23481,2019-03-18,2019,12,201912,CaptureSite_4,0.0
1024,23482,2019-03-25,2019,13,201913,CaptureSite_4,0.0
1025,23483,2019-04-01,2019,14,201914,CaptureSite_4,0.0
1026,23484,2019-04-08,2019,15,201915,CaptureSite_4,0.0
1027,23485,2019-04-15,2019,16,201916,CaptureSite_4,0.0
1028,23486,2019-04-22,2019,17,201917,CaptureSite_4,0.0
1029,23487,2019-04-29,2019,18,201918,CaptureSite_4,0.0
1030,23488,2019-05-06,2019,19,201919,CaptureSite_4,0.0
1031,23489,2019-05-13,2019,20,201920,CaptureSite_4,0.0
1032,23490,2019-05-20,2019,21,201921,CaptureSite_4,0.0
1033,23491,2019-05-27,2019,22,201922,CaptureSite_4,0.0
1034,23492,2019-06-03,2019,23,201923,CaptureSite_4,0.0
1035,23493,2019-06-10,2019,24,201924,CaptureSite_4,0.0
1036,23494,2019-06-17,2019,25,201925,CaptureSite_4,0.0
1037,23495,2019-06-24,2019,26,201926,CaptureSite_4,0.0
1038,23496,2019-07-01,2019,27,201927,CaptureSite_4,0.0
1039,23497,2019-07-08,2019,28,201928,CaptureSite_4,0.0
1040,23498,2019-07-15,2019,29,201929,CaptureSite_4,0.0
1041,23499,2019-07-22,2019,30,201930,CaptureSite_4,0.0
1042,23500,2019-07-29,2019,31,201931,CaptureSite_4,0.0
1043,23501,2019-08-05,2019,32,201932,CaptureSite_4,0.0
1044,23502,2019-08-12,2019,33,201933,CaptureSite_4,0.0
1045,23503,2019-08-19,2019,34,201934,CaptureSite_4,0.0
1046,23504,2019-08-26,2019,35,201935,CaptureSite_4,0.0
1047,23505,2019-09-02,2019,36,201936,CaptureSite_4,0.0
1048,23506,2019-09-09,2019,37,201937,CaptureSite_4,0.0
1049,23507,2019-09-16,2019,38,201938,CaptureSite_4,0.0
1050,23508,2019-09-23,2019,39,201939,CaptureSite_4,0.0
1051,23509,2019-09-30,2019,40,201940,CaptureSite_4,0.0
1052,23510,2019-10-07,2019,41,201941,CaptureSite_4,0.0
1053,23511,2019-10-14,2019,42,201942,CaptureSite_4,0.0
1054,23512,2019-10-21,2019,43,201943,CaptureSite_4,0.0
1055,23513,2019-10-28,2019,44,201944,CaptureSite_4,0.0
1056,24473,2019-01-01,2019,1,201901,CaptureSite_5,0.0
1057,24474,2019-01-07,2019,2,201902,CaptureSite_5,0.0
1058,24475,2019-01-14,2019,3,201903,CaptureSite_5,0.0
1059,24476,2019-01-21,2019,4,201904,CaptureSite_5,0.0
1060,24477,2019-01-28,2019,5,201905,CaptureSite_5,0.0
1061,24478,2019-02-04,2019,6,201906,CaptureSite_5,0.0
1062,24479,2019-02-11,2019,7,201907,CaptureSite_5,0.0
1063,24480,2019-02-18,2019,8,201908,CaptureSite_5,0.0
1064,24481,2019-02-25,2019,9,201909,CaptureSite_5,0.0
1065,24482,2019-03-04,2019,10,201910,CaptureSite_5,0.0
1066,24483,2019-03-11,2019,11,201911,CaptureSite_5,0.0
1067,24484,2019-03-18,2019,12,201912,CaptureSite_5,0.0
1068,24485,2019-03-25,2019,13,201913,CaptureSite_5,0.0
1069,24486,2019-04-01,2019,14,201914,CaptureSite_5,0.0
1070,24487,2019-04-08,2019,15,201915,CaptureSite_5,0.0
1071,24488,2019-04-15,2019,16,201916,CaptureSite_5,0.0
1072,24489,2019-04-22,2019,17,201917,CaptureSite_5,0.0
1073,24490,2019-04-29,2019,18,201918,CaptureSite_5,0.0
1074,24491,2019-05-06,2019,19,201919,CaptureSite_5,0.0
1075,24492,2019-05-13,2019,20,201920,CaptureSite_5,0.0
1076,24493,2019-05-20,2019,21,201921,CaptureSite_5,0.0
1077,24494,2019-05-27,2019,22,201922,CaptureSite_5,0.0
1078,24495,2019-06-03,2019,23,201923,CaptureSite_5,0.0
1079,24496,2019-06-10,2019,24,201924,CaptureSite_5,0.0
1080,24497,2019-06-17,2019,25,201925,CaptureSite_5,0.0
1081,24498,2019-06-24,2019,26,201926,CaptureSite_5,0.0
1082,24499,2019-07-01,2019,27,201927,CaptureSite_5,0.0
1083,24500,2019-07-08,2019,28,201928,CaptureSite_5,0.0
1084,24501,2019-07-15,2019,29,201929,CaptureSite_5,0.0
1085,24502,2019-07-22,2019,30,201930,CaptureSite_5,0.0
1086,24503,2019-07-29,2019,31,201931,CaptureSite_5,0.0
1087,24504,2019-08-05,2019,32,201932,CaptureSite_5,0.0
1088,24505,2019-08-12,2019,33,201933,CaptureSite_5,0.0
1089,24506,2019-08-19,2019,34,201934,CaptureSite_5,0.0
1090,24507,2019-08-26,2019,35,201935,CaptureSite_5,0.0
1091,24508,2019-09-02,2019,36,201936,CaptureSite_5,0.0
1092,24509,2019-09-09,2019,37,201937,CaptureSite_5,0.0
1093,24510,2019-09-16,2019,38,201938,CaptureSite_5,0.0
1094,24511,2019-09-23,2019,39,201939,CaptureSite_5,0.0
1095,24512,2019-09-30,2019,40,201940,CaptureSite_5,0.0
1096,24513,2019-10-07,2019,41,201941,CaptureSite_5,0.0
1097,24514,2019-10-14,2019,42,201942,CaptureSite_5,0.0
1098,24515,2019-10-21,2019,43,201943,CaptureSite_5,0.0
1099,24516,2019-10-28,2019,44,201944,CaptureSite_5,0.0
1100,25127,2019-01-01,2019,1,201901,CaptureSite_6,0.0
1101,25128,2019-01-07,2019,2,201902,CaptureSite_6,0.0
1102,25129,2019-01-14,2019,3,201903,CaptureSite_6,0.0
1103,25130,2019-01-21,2019,4,201904,CaptureSite_6,0.0
1104,25131,2019-01-28,2019,5,201905,CaptureSite_6,0.0
1105,25132,2019-02-04,2019,6,201906,CaptureSite_6,0.0
1106,25133,2019-02-11,2019,7,201907,CaptureSite_6,0.0
1107,25134,2019-02-18,2019,8,201908,CaptureSite_6,0.0
1108,25135,2019-02-25,2019,9,201909,CaptureSite_6,0.0
1109,25136,2019-03-04,2019,10,201910,CaptureSite_6,0.0
1110,25137,2019-03-11,2019,11,201911,CaptureSite_6,0.0
1111,25138,2019-03-18,2019,12,201912,CaptureSite_6,0.0
1112,25139,2019-03-25,2019,13,201913,CaptureSite_6,0.0
1113,25140,2019-04-01,2019,14,201914,CaptureSite_6,0.0
1114,25141,2019-04-08,2019,15,201915,CaptureSite_6,0.0
1115,25142,2019-04-15,2019,16,201916,CaptureSite_6,0.0
1116,25143,2019-04-22,2019,17,201917,CaptureSite_6,0.0
1117,25144,2019-04-29,2019,18,201918,CaptureSite_6,0.0
1118,25145,2019-05-06,2019,19,201919,CaptureSite_6,0.0
1119,25146,2019-05-13,2019,20,201920,CaptureSite_6,0.0
1120,25147,2019-05-20,2019,21,201921,CaptureSite_6,0.0
1121,25148,2019-05-27,2019,22,201922,CaptureSite_6,0.0
1122,25149,2019-06-03,2019,23,201923,CaptureSite_6,0.0
1123,25150,2019-06-10,2019,24,201924,CaptureSite_6,0.0
1124,25151,2019-06-17,2019,25,201925,CaptureSite_6,0.0
1125,25152,2019-06-24,2019,26,201926,CaptureSite_6,0.0
1126,25153,2019-07-01,2019,27,201927,CaptureSite_6,0.0
1127,25154,2019-07-08,2019,28,201928,CaptureSite_6,0.0
1128,25155,2019-07-15,2019,29,201929,CaptureSite_6,0.0
1129,25156,2019-07-22,2019,30,201930,CaptureSite_6,0.0
1130,25157,2019-07-29,2019,31,201931,CaptureSite_6,0.0
1131,25158,2019-08-05,2019,32,201932,CaptureSite_6,0.0
1132,25159,2019-08-12,2019,33,201933,CaptureSite_6,0.0
1133,25160,2019-08-19,2019,34,201934,CaptureSite_6,0.0
1134,25161,2019-08-26,2019,35,201935,CaptureSite_6,0.0
1135,25162,2019-09-02,2019,36,201936,CaptureSite_6,0.0
1136,25163,2019-09-09,2019,37,201937,CaptureSite_6,0.0
1137,25164,2019-09-16,2019,38,201938,CaptureSite_6,0.0
1138,25165,2019-09-23,2019,39,201939,CaptureSite_6,0.0
1139,25166,2019-09-30,2019,40,201940,CaptureSite_6,0.0
1140,25167,2019-10-07,2019,41,201941,CaptureSite_6,0.0
1141,25168,2019-10-14,2019,42,201942,CaptureSite_6,0.0
1142,25169,2019-10-21,2019,43,201943,CaptureSite_6,0.0
1143,25170,2019-10-28,2019,44,201944,CaptureSite_6,0.0
1144,26070,2019-01-01,2019,1,201901,CaptureSite_7,0.0
1145,26071,2019-01-07,2019,2,201902,CaptureSite_7,0.0
1146,26072,2019-01-14,2019,3,201903,CaptureSite_7,0.0
1147,26073,2019-01-21,2019,4,201904,CaptureSite_7,0.0
1148,26074,2019-01-28,2019,5,201905,CaptureSite_7,0.0
1149,26075,2019-02-04,2019,6,201906,CaptureSite_7,0.0
1150,26076,2019-02-11,2019,7,201907,CaptureSite_7,0.0
1151,26077,2019-02-18,2019,8,201908,CaptureSite_7,0.0
1152,26078,2019-02-25,2019,9,201909,CaptureSite_7,0.0
1153,26079,2019-03-04,2019,10,201910,CaptureSite_7,0.0
1154,26080,2019-03-11,2019,11,201911,CaptureSite_7,0.0
1155,26081,2019-03-18,2019,12,201912,CaptureSite_7,0.0
1156,26082,2019-03-25,2019,13,201913,CaptureSite_7,0.0
1157,26083,2019-04-01,2019,14,201914,CaptureSite_7,0.0
1158,26084,2019-04-08,2019,15,201915,CaptureSite_7,0.0
1159,26085,2019-04-15,2019,16,201916,CaptureSite_7,0.0
1160,26086,2019-04-22,2019,17,201917,CaptureSite_7,0.0
1161,26087,2019-04-29,2019,18,201918,CaptureSite_7,0.0
1162,26088,2019-05-06,2019,19,201919,CaptureSite_7,0.0
1163,26089,2019-05-13,2019,20,201920,CaptureSite_7,0.0
1164,26090,2019-05-20,2019,21,201921,CaptureSite_7,0.0
1165,26091,2019-05-27,2019,22,201922,CaptureSite_7,0.0
1166,26092,2019-06-03,2019,23,201923,CaptureSite_7,0.0
1167,26093,2019-06-10,2019,24,201924,CaptureSite_7,0.0
1168,26094,2019-06-17,2019,25,201925,CaptureSite_7,0.0
1169,26095,2019-06-24,2019,26,201926,CaptureSite_7,0.0
1170,26096,2019-07-01,2019,27,201927,CaptureSite_7,0.0
1171,26097,2019-07-08,2019,28,201928,CaptureSite_7,0.0
1172,26098,2019-07-15,2019,29,201929,CaptureSite_7,0.0
1173,26099,2019-07-22,2019,30,201930,CaptureSite_7,0.0
1174,26100,2019-07-29,2019,31,201931,CaptureSite_7,0.0
1175,26101,2019-08-05,2019,32,201932,CaptureSite_7,0.0
1176,26102,2019-08-12,2019,33,201933,CaptureSite_7,0.0
1177,26103,2019-08-19,2019,34,201934,CaptureSite_7,0.0
1178,26104,2019-08-26,2019,35,201935,CaptureSite_7,0.0
1179,26105,2019-09-02,2019,36,201936,CaptureSite_7,0.0
1180,26106,2019-09-09,2019,37,201937,CaptureSite_7,0.0
1181,26107,2019-09-16,2019,38,201938,CaptureSite_7,0.0
1182,26108,2019-09-23,2019,39,201939,CaptureSite_7,0.0
1183,26109,2019-09-30,2019,40,201940,CaptureSite_7,0.0
1184,26110,2019-10-07,2019,41,201941,CaptureSite_7,0.0
1185,26111,2019-10-14,2019,42,201942,CaptureSite_7,0.0
1186,26112,2019-10-21,2019,43,201943,CaptureSite_7,0.0
1187,26113,2019-10-28,2019,44,201944,CaptureSite_7,0.0
1188,27054,2019-01-01,2019,1,201901,CaptureSite_8,0.0
1189,27055,2019-01-07,2019,2,201902,CaptureSite_8,0.0
1190,27056,2019-01-14,2019,3,201903,CaptureSite_8,0.0
1191,27057,2019-01-21,2019,4,201904,CaptureSite_8,0.0
1192,27058,2019-01-28,2019,5,201905,CaptureSite_8,0.0
1193,27059,2019-02-04,2019,6,201906,CaptureSite_8,0.0
1194,27060,2019-02-11,2019,7,201907,CaptureSite_8,0.0
1195,27061,2019-02-18,2019,8,201908,CaptureSite_8,0.0
1196,27062,2019-02-25,2019,9,201909,CaptureSite_8,0.0
1197,27063,2019-03-04,2019,10,201910,CaptureSite_8,0.0
1198,27064,2019-03-11,2019,11,201911,CaptureSite_8,0.0
1199,27065,2019-03-18,2019,12,201912,CaptureSite_8,0.0
1200,27066,2019-03-25,2019,13,201913,CaptureSite_8,0.0
1201,27067,2019-04-01,2019,14,201914,CaptureSite_8,0.0
1202,27068,2019-04-08,2019,15,201915,CaptureSite_8,0.0
1203,27069,2019-04-15,2019,16,201916,CaptureSite_8,0.0
1204,27070,2019-04-22,2019,17,201917,CaptureSite_8,0.0
1205,27071,2019-04-29,2019,18,201918,CaptureSite_8,0.0
1206,27072,2019-05-06,2019,19,201919,CaptureSite_8,0.0
1207,27073,2019-05-13,2019,20,201920,CaptureSite_8,0.0
1208,27074,2019-05-20,2019,21,201921,CaptureSite_8,0.0
1209,27075,2019-05-27,2019,22,201922,CaptureSite_8,0.0
1210,27076,2019-06-03,2019,23,201923,CaptureSite_8,0.0
1211,27077,2019-06-10,2019,24,201924,CaptureSite_8,0.0
1212,27078,2019-06-17,2019,25,201925,CaptureSite_8,0.0
1213,27079,2019-06-24,2019,26,201926,CaptureSite_8,0.0
1214,27080,2019-07-01,2019,27,201927,CaptureSite_8,0.0
1215,27081,2019-07-08,2019,28,201928,CaptureSite_8,0.0
1216,27082,2019-07-15,2019,29,201929,CaptureSite_8,0.0
1217,27083,2019-07-22,2019,30,201930,CaptureSite_8,0.0
1218,27084,2019-07-29,2019,31,201931,CaptureSite_8,0.0
1219,27085,2019-08-05,2019,32,201932,CaptureSite_8,0.0
1220,27086,2019-08-12,2019,33,201933,CaptureSite_8,0.0
1221,27087,2019-08-19,2019,34,201934,CaptureSite_8,0.0
1222,27088,2019-08-26,2019,35,201935,CaptureSite_8,0.0
1223,27089,2019-09-02,2019,36,201936,CaptureSite_8,0.0
1224,27090,2019-09-09,2019,37,201937,CaptureSite_8,0.0
1225,27091,2019-09-16,2019,38,201938,CaptureSite_8,0.0
1226,27092,2019-09-23,2019,39,201939,CaptureSite_8,0.0
1227,27093,2019-09-30,2019,40,201940,CaptureSite_8,0.0
1228,27094,2019-10-07,2019,41,201941,CaptureSite_8,0.0
1229,27095,2019-10-14,2019,42,201942,CaptureSite_8,0.0
1230,27096,2019-10-21,2019,43,201943,CaptureSite_8,0.0
1231,27097,2019-10-28,2019,44,201944,CaptureSite_8,0.0
1232,28004,2019-01-01,2019,1,201901,CaptureSite_9,0.0
1233,28005,2019-01-07,2019,2,201902,CaptureSite_9,0.0
1234,28006,2019-01-14,2019,3,201903,CaptureSite_9,0.0
1235,28007,2019-01-21,2019,4,201904,CaptureSite_9,0.0
1236,28008,2019-01-28,2019,5,201905,CaptureSite_9,0.0
1237,28009,2019-02-04,2019,6,201906,CaptureSite_9,0.0
1238,28010,2019-02-11,2019,7,201907,CaptureSite_9,0.0
1239,28011,2019-02-18,2019,8,201908,CaptureSite_9,0.0
1240,28012,2019-02-25,2019,9,201909,CaptureSite_9,0.0
1241,28013,2019-03-04,2019,10,201910,CaptureSite_9,0.0
1242,28014,2019-03-11,2019,11,201911,CaptureSite_9,0.0
1243,28015,2019-03-18,2019,12,201912,CaptureSite_9,0.0
1244,28016,2019-03-25,2019,13,201913,CaptureSite_9,0.0
1245,28017,2019-04-01,2019,14,201914,CaptureSite_9,0.0
1246,28018,2019-04-08,2019,15,201915,CaptureSite_9,0.0
1247,28019,2019-04-15,2019,16,201916,CaptureSite_9,0.0
1248,28020,2019-04-22,2019,17,201917,CaptureSite_9,0.0
1249,28021,2019-04-29,2019,18,201918,CaptureSite_9,0.0
1250,28022,2019-05-06,2019,19,201919,CaptureSite_9,0.0
1251,28023,2019-05-13,2019,20,201920,CaptureSite_9,0.0
1252,28024,2019-05-20,2019,21,201921,CaptureSite_9,0.0
1253,28025,2019-05-27,2019,22,201922,CaptureSite_9,0.0
1254,28026,2019-06-03,2019,23,201923,CaptureSite_9,0.0
1255,28027,2019-06-10,2019,24,201924,CaptureSite_9,0.0
1256,28028,2019-06-17,2019,25,201925,CaptureSite_9,0.0
1257,28029,2019-06-24,2019,26,201926,CaptureSite_9,0.0
1258,28030,2019-07-01,2019,27,201927,CaptureSite_9,0.0
1259,28031,2019-07-08,2019,28,201928,CaptureSite_9,0.0
1260,28032,2019-07-15,2019,29,201929,CaptureSite_9,0.0
1261,28033,2019-07-22,2019,30,201930,CaptureSite_9,0.0
1262,28034,2019-07-29,2019,31,201931,CaptureSite_9,0.0
1263,28035,2019-08-05,2019,32,201932,CaptureSite_9,0.0
1264,28036,2019-08-12,2019,33,201933,CaptureSite_9,0.0
1265,28037,2019-08-19,2019,34,201934,CaptureSite_9,0.0
1266,28038,2019-08-26,2019,35,201935,CaptureSite_9,0.0
1267,28039,2019-09-02,2019,36,201936,CaptureSite_9,0.0
1268,28040,2019-09-09,2019,37,201937,CaptureSite_9,0.0
1269,28041,2019-09-16,2019,38,201938,CaptureSite_9,0.0
1270,28042,2019-09-23,2019,39,201939,CaptureSite_9,0.0
1271,28043,2019-09-30,2019,40,201940,CaptureSite_9,0.0
1272,28044,2019-10-07,2019,41,201941,CaptureSite_9,0.0
1273,28045,2019-10-14,2019,42,201942,CaptureSite_9,0.0
1274,28046,2019-10-21,2019,43,201943,CaptureSite_9,0.0
1275,28047,2019-10-28,2019,44,201944,CaptureSite_9,0.0
