ID,Capture_Number
CaptureSite_0_201901,0.47059553512941654
CaptureSite_0_201902,0.540151008251066
CaptureSite_0_201903,0.5057615625073868
CaptureSite_0_201904,0.4390325770113194
CaptureSite_0_201905,0.3880022700129349
CaptureSite_0_201906,0.3823368709952662
CaptureSite_0_201907,0.4002985278929821
CaptureSite_0_201908,0.39757583581623185
CaptureSite_0_201909,0.305204984897494
CaptureSite_0_201910,0.362161540074411
CaptureSite_0_201911,0.3563401739521298
CaptureSite_0_201912,0.3587938767901208
CaptureSite_0_201913,0.31287775657026573
CaptureSite_0_201914,0.36913850643313756
CaptureSite_0_201915,0.3633188820536318
CaptureSite_0_201916,0.3702020839492908
CaptureSite_0_201917,0.316640633817231
CaptureSite_0_201918,0.2882606804372777
CaptureSite_0_201919,0.34587474378740124
CaptureSite_0_201920,0.3378383254795823
CaptureSite_0_201921,0.316388858744191
CaptureSite_0_201922,0.2968576477158092
CaptureSite_0_201923,0.3823793430833689
CaptureSite_0_201924,0.3788350918755279
CaptureSite_0_201925,0.39181344217012104
CaptureSite_0_201926,0.27197594487432375
CaptureSite_0_201927,0.30493985070604795
CaptureSite_0_201928,0.31738398957714736
CaptureSite_0_201929,0.3226670429830487
CaptureSite_0_201930,0.28522594487432373
CaptureSite_0_201931,0.27334769812107695
CaptureSite_0_201932,0.30812208481524267
CaptureSite_0_201933,0.31779524811125376
CaptureSite_0_201934,0.2944047820957878
CaptureSite_0_201935,0.3254715485487894
CaptureSite_0_201936,0.3376463362084825
CaptureSite_0_201937,0.4219799947334776
CaptureSite_0_201938,0.45874281671383044
CaptureSite_0_201939,0.40849365848219826
CaptureSite_0_201940,0.4076129054632874
CaptureSite_0_201941,0.487708969414853
CaptureSite_0_201942,0.4396458792004902
CaptureSite_0_201943,0.3509659443534327
CaptureSite_0_201944,0.39793816657565495
CaptureSite_1_201901,1.3088785096695812
CaptureSite_1_201902,1.2982967025877743
CaptureSite_1_201903,1.365354673602267
CaptureSite_1_201904,1.2527728763672443
CaptureSite_1_201905,1.2634825833269514
CaptureSite_1_201906,1.3089249077159795
CaptureSite_1_201907,1.30551098830206
CaptureSite_1_201908,1.3145585906529584
CaptureSite_1_201909,1.2647609716053396
CaptureSite_1_201910,1.3154963362874081
CaptureSite_1_201911,1.3035109883020601
CaptureSite_1_201912,1.3125585906529584
CaptureSite_1_201913,1.2872417408361088
CaptureSite_1_201914,1.3549307074717791
CaptureSite_1_201915,1.348348900389972
CaptureSite_1_201916,1.4535869789313467
CaptureSite_1_201917,1.2691145497080851
CaptureSite_1_201918,1.2874057111328674
CaptureSite_1_201919,1.2638432908034802
CaptureSite_1_201920,1.2869055145777195
CaptureSite_1_201921,1.2601014378199733
CaptureSite_1_201922,1.2538111447796805
CaptureSite_1_201923,1.2687057826288202
CaptureSite_1_201924,1.2361298253546622
CaptureSite_1_201925,1.3016165558288992
CaptureSite_1_201926,1.233553853825021
CaptureSite_1_201927,1.2567607276837651
CaptureSite_1_201928,1.2380783014069119
CaptureSite_1_201929,1.3155245805527136
CaptureSite_1_201930,1.233553853825021
CaptureSite_1_201931,1.2618875976673858
CaptureSite_1_201932,1.2531730824576819
CaptureSite_1_201933,1.2654947978250295
CaptureSite_1_201934,1.3046971214769092
CaptureSite_1_201935,1.2748399786197664
CaptureSite_1_201936,1.2827918526291087
CaptureSite_1_201937,1.3341563715454274
CaptureSite_1_201938,1.4265957759413537
CaptureSite_1_201939,1.3546871407169285
CaptureSite_1_201940,1.4074782662580545
CaptureSite_1_201941,1.4060003917941701
CaptureSite_1_201942,1.565243970032659
CaptureSite_1_201943,1.5388043628029056
CaptureSite_1_201944,1.6205662675648107
CaptureSite_10_201901,1.922224107261572
CaptureSite_10_201902,1.5894437180522507
CaptureSite_10_201903,1.5240511155567074
CaptureSite_10_201904,1.2046986637278927
CaptureSite_10_201905,1.3001610134152424
CaptureSite_10_201906,1.2857688311717481
CaptureSite_10_201907,1.2217247135246891
CaptureSite_10_201908,1.23462489977255
CaptureSite_10_201909,1.2476023433815722
CaptureSite_10_201910,1.2783030777470907
CaptureSite_10_201911,1.1719512677923394
CaptureSite_10_201912,1.1636014540402
CaptureSite_10_201913,1.1660229535932785
CaptureSite_10_201914,1.0855148182125074
CaptureSite_10_201915,1.0892508126102662
CaptureSite_10_201916,1.0574929336479426
CaptureSite_10_201917,0.9726407588213354
CaptureSite_10_201918,1.0056508234700439
CaptureSite_10_201919,0.9101758599727157
CaptureSite_10_201920,0.8610927748460323
CaptureSite_10_201921,0.8535562355387464
CaptureSite_10_201922,0.9682621749696854
CaptureSite_10_201923,0.8806520440082424
CaptureSite_10_201924,0.8732745930278503
CaptureSite_10_201925,0.8708338701848021
CaptureSite_10_201926,0.8811190061015168
CaptureSite_10_201927,0.9015121153094902
CaptureSite_10_201928,0.8965611349173332
CaptureSite_10_201929,0.8878351990884564
CaptureSite_10_201930,0.8735520104591902
CaptureSite_10_201931,0.9882579498901292
CaptureSite_10_201932,0.8896478189286862
CaptureSite_10_201933,0.870088549766476
CaptureSite_10_201934,0.8745776514848312
CaptureSite_10_201935,0.9296003741325536
CaptureSite_10_201936,0.872264150538826
CaptureSite_10_201937,0.8834118299445172
CaptureSite_10_201938,0.898488593103078
CaptureSite_10_201939,0.8847313250435724
CaptureSite_10_201940,1.0642730059195198
CaptureSite_10_201941,0.9963215662411264
CaptureSite_10_201942,0.9355993858740577
CaptureSite_10_201943,0.9319400712506247
CaptureSite_10_201944,1.0537133530174956
CaptureSite_11_201901,0.9207678698639127
CaptureSite_11_201902,0.7719057195013752
CaptureSite_11_201903,0.7811996239237466
CaptureSite_11_201904,0.8104531808752381
CaptureSite_11_201905,0.36138675972522655
CaptureSite_11_201906,0.19346077776575654
CaptureSite_11_201907,0.19668538302124627
CaptureSite_11_201908,0.21786511522704763
CaptureSite_11_201909,0.21270321844264634
CaptureSite_11_201910,0.20264318198188153
CaptureSite_11_201911,0.20420529768014478
CaptureSite_11_201912,0.208662394697657
CaptureSite_11_201913,0.1925341507059829
CaptureSite_11_201914,0.262644608665708
CaptureSite_11_201915,0.196771395999995
CaptureSite_11_201916,0.20270209893322055
CaptureSite_11_201917,0.19297307362516894
CaptureSite_11_201918,0.19709223937960296
CaptureSite_11_201919,0.1842490534988458
CaptureSite_11_201920,0.20231837346896145
CaptureSite_11_201921,0.22088566063806683
CaptureSite_11_201922,0.25159931291553495
CaptureSite_11_201923,0.3020813362024249
CaptureSite_11_201924,0.26732602187620463
CaptureSite_11_201925,0.34864924340826225
CaptureSite_11_201926,0.32155868517920294
CaptureSite_11_201927,0.3177657064740297
CaptureSite_11_201928,0.33108600852571185
CaptureSite_11_201929,0.2756638910835746
CaptureSite_11_201930,0.23505783951042386
CaptureSite_11_201931,0.20044005338258578
CaptureSite_11_201932,0.20470635403725673
CaptureSite_11_201933,0.2182283325123179
CaptureSite_11_201934,0.23453834460409176
CaptureSite_11_201935,0.2937050355844877
CaptureSite_11_201936,0.3065071246626527
CaptureSite_11_201937,0.29748779437192135
CaptureSite_11_201938,0.22771569379058565
CaptureSite_11_201939,0.2521241589909155
CaptureSite_11_201940,0.23613370514803914
CaptureSite_11_201941,0.23384183158557467
CaptureSite_11_201942,0.23236604733538196
CaptureSite_11_201943,0.2444423623353176
CaptureSite_11_201944,0.26207703546221195
CaptureSite_12_201901,1.652268975787833
CaptureSite_12_201902,1.324439566970669
CaptureSite_12_201903,1.323091082122184
CaptureSite_12_201904,1.139438675861837
CaptureSite_12_201905,1.1610204940436553
CaptureSite_12_201906,1.1449313467568336
CaptureSite_12_201907,1.1449313467568336
CaptureSite_12_201908,1.160688675861837
CaptureSite_12_201909,1.160688675861837
CaptureSite_12_201910,1.137465593332176
CaptureSite_12_201911,1.137465593332176
CaptureSite_12_201912,1.1319729224371793
CaptureSite_12_201913,1.1240230791769914
CaptureSite_12_201914,1.129515750071988
CaptureSite_12_201915,1.1394604505328174
CaptureSite_12_201916,1.1140572952781584
CaptureSite_12_201917,1.1093494103003276
CaptureSite_12_201918,1.0906262302652099
CaptureSite_12_201919,1.0438517376219905
CaptureSite_12_201920,1.0021461034756989
CaptureSite_12_201921,1.0088352507625205
CaptureSite_12_201922,1.0376606586879287
CaptureSite_12_201923,1.0143279216575172
CaptureSite_12_201924,1.0143279216575172
CaptureSite_12_201925,1.0088352507625205
CaptureSite_12_201926,1.0088352507625205
CaptureSite_12_201927,1.0143279216575172
CaptureSite_12_201928,1.0143279216575172
CaptureSite_12_201929,1.0129794368090321
CaptureSite_12_201930,1.0019219347738735
CaptureSite_12_201931,1.0307473426992815
CaptureSite_12_201932,1.0074146056688698
CaptureSite_12_201933,0.9952327874870517
CaptureSite_12_201934,1.0019219347738735
CaptureSite_12_201935,1.0002412820932207
CaptureSite_12_201936,1.0012314720383677
CaptureSite_12_201937,1.0265586518542096
CaptureSite_12_201938,1.0463661573096892
CaptureSite_12_201939,1.0258954766090915
CaptureSite_12_201940,1.1249120098372025
CaptureSite_12_201941,1.099336606264279
CaptureSite_12_201942,1.0447106812824887
CaptureSite_12_201943,1.0406768041871606
CaptureSite_12_201944,1.106334248453054
CaptureSite_13_201901,1.7758461394545555
CaptureSite_13_201902,1.5036655205288332
CaptureSite_13_201903,1.49511573697905
CaptureSite_13_201904,1.300974599211915
CaptureSite_13_201905,1.300974599211915
CaptureSite_13_201906,1.2775802902688254
CaptureSite_13_201907,1.2775802902688254
CaptureSite_13_201908,1.3096636236021586
CaptureSite_13_201909,1.3096636236021586
CaptureSite_13_201910,1.2698716462478368
CaptureSite_13_201911,1.2698716462478368
CaptureSite_13_201912,1.2807049795811702
CaptureSite_13_201913,1.272755136320982
CaptureSite_13_201914,1.2619218029876487
CaptureSite_13_201915,1.2551082020436253
CaptureSite_13_201916,1.2418868649707842
CaptureSite_13_201917,1.2291218689162264
CaptureSite_13_201918,1.2134797498874603
CaptureSite_13_201919,1.2087046176123282
CaptureSite_13_201920,1.2017733942404474
CaptureSite_13_201921,1.2065485265155795
CaptureSite_13_201922,1.2065485265155795
CaptureSite_13_201923,1.2017733942404474
CaptureSite_13_201924,1.2017733942404474
CaptureSite_13_201925,1.2126067275737809
CaptureSite_13_201926,1.2065485265155795
CaptureSite_13_201927,1.2017733942404474
CaptureSite_13_201928,1.2017733942404474
CaptureSite_13_201929,1.2126067275737809
CaptureSite_13_201930,1.1996352105269326
CaptureSite_13_201931,1.1996352105269326
CaptureSite_13_201932,1.1948600782518002
CaptureSite_13_201933,1.1948600782518002
CaptureSite_13_201934,1.2056934115851334
CaptureSite_13_201935,1.2194840649245675
CaptureSite_13_201936,1.239292977397996
CaptureSite_13_201937,1.2754474744006101
CaptureSite_13_201938,1.3096073323339157
CaptureSite_13_201939,1.3071972125797091
CaptureSite_13_201940,1.3889241088962367
CaptureSite_13_201941,2.2267236772952326
CaptureSite_13_201942,1.9754303312250476
CaptureSite_13_201943,1.818012043547958
CaptureSite_13_201944,2.246096624311766
CaptureSite_14_201901,0.7181575902358869
CaptureSite_14_201902,0.6746677442975115
CaptureSite_14_201903,0.7168444113863992
CaptureSite_14_201904,0.6729428949888028
CaptureSite_14_201905,0.6800169957514283
CaptureSite_14_201906,0.6502396506520266
CaptureSite_14_201907,0.6485437442192782
CaptureSite_14_201908,0.6383748306838963
CaptureSite_14_201909,0.6373003496094153
CaptureSite_14_201910,0.6317118384926355
CaptureSite_14_201911,0.6523785051593023
CaptureSite_14_201912,0.6372818737502853
CaptureSite_14_201913,0.6362047279680579
CaptureSite_14_201914,0.6314446515744496
CaptureSite_14_201915,0.6560911518974755
CaptureSite_14_201916,0.6406190200231608
CaptureSite_14_201917,0.6540743045760066
CaptureSite_14_201918,0.6561484053386321
CaptureSite_14_201919,0.6443508582190283
CaptureSite_14_201920,0.6594568182372087
CaptureSite_14_201921,0.6538875229668112
CaptureSite_14_201922,0.6601146291939175
CaptureSite_14_201923,0.6597087920569875
CaptureSite_14_201924,0.6597087920569875
CaptureSite_14_201925,0.6610989050806323
CaptureSite_14_201926,0.6673260113077386
CaptureSite_14_201927,0.6428526824917291
CaptureSite_14_201928,0.6567318055192394
CaptureSite_14_201929,0.5964429646832894
CaptureSite_14_201930,0.59336216369737
CaptureSite_14_201931,0.5954362644599954
CaptureSite_14_201932,0.59481671646775
CaptureSite_14_201933,0.5914833831344166
CaptureSite_14_201934,0.5802441413688215
CaptureSite_14_201935,0.5804442205689008
CaptureSite_14_201936,0.5748760442165515
CaptureSite_14_201937,0.5427073493353949
CaptureSite_14_201938,0.5149516768436366
CaptureSite_14_201939,0.5245727368828973
CaptureSite_14_201940,0.5077800479361766
CaptureSite_14_201941,0.4744641978465331
CaptureSite_14_201942,0.444656292270033
CaptureSite_14_201943,0.40623513635852304
CaptureSite_14_201944,0.35392183345258743
CaptureSite_15_201901,5.29738480804876
CaptureSite_15_201902,5.436758038226037
CaptureSite_15_201903,5.1931072292574125
CaptureSite_15_201904,5.019498174367348
CaptureSite_15_201905,5.060526530140419
CaptureSite_15_201906,5.216741299956177
CaptureSite_15_201907,5.179844029741336
CaptureSite_15_201908,5.117547139252858
CaptureSite_15_201909,5.081619321506544
CaptureSite_15_201910,5.192152624742502
CaptureSite_15_201911,5.157824798972104
CaptureSite_15_201912,5.081879807217805
CaptureSite_15_201913,5.064722571815676
CaptureSite_15_201914,5.193201740526181
CaptureSite_15_201915,5.205000521204431
CaptureSite_15_201916,5.101251956943962
CaptureSite_15_201917,4.890759583389759
CaptureSite_15_201918,5.012743006979639
CaptureSite_15_201919,5.20949605208593
CaptureSite_15_201920,5.208535643988206
CaptureSite_15_201921,5.019114852908734
CaptureSite_15_201922,5.047198796515745
CaptureSite_15_201923,5.350315197926084
CaptureSite_15_201924,5.348573295491609
CaptureSite_15_201925,5.137279103587426
CaptureSite_15_201926,5.097590170689373
CaptureSite_15_201927,5.410297621374522
CaptureSite_15_201928,5.3220194221155
CaptureSite_15_201929,5.076538818113965
CaptureSite_15_201930,4.772342756954485
CaptureSite_15_201931,4.834139021791335
CaptureSite_15_201932,5.19882150803792
CaptureSite_15_201933,5.33581999021883
CaptureSite_15_201934,5.081840485960717
CaptureSite_15_201935,5.031516009828474
CaptureSite_15_201936,5.374741357091374
CaptureSite_15_201937,5.271370390237507
CaptureSite_15_201938,4.998300463545938
CaptureSite_15_201939,4.996289248148387
CaptureSite_15_201940,5.167950245271662
CaptureSite_15_201941,5.41632253936396
CaptureSite_15_201942,5.396688643325974
CaptureSite_15_201943,5.213609682506708
CaptureSite_15_201944,6.185723423778249
CaptureSite_16_201901,1.50676407188205
CaptureSite_16_201902,1.463274225943675
CaptureSite_16_201903,1.4564537131231623
CaptureSite_16_201904,1.4566089528110107
CaptureSite_16_201905,1.471743817945876
CaptureSite_16_201906,1.4448461322981903
CaptureSite_16_201907,1.4380256194776775
CaptureSite_16_201908,1.4380256194776775
CaptureSite_16_201909,1.471743817945876
CaptureSite_16_201910,1.4448461322981903
CaptureSite_16_201911,1.4380256194776775
CaptureSite_16_201912,1.4380256194776775
CaptureSite_16_201913,1.4812265765665655
CaptureSite_16_201914,1.4543288909188796
CaptureSite_16_201915,1.4582745071306251
CaptureSite_16_201916,1.4550800626861806
CaptureSite_16_201917,1.473663396019514
CaptureSite_16_201918,1.488798261154379
CaptureSite_16_201919,1.4619005755066934
CaptureSite_16_201920,1.4550800626861806
CaptureSite_16_201921,1.4550800626861806
CaptureSite_16_201922,1.488798261154379
CaptureSite_16_201923,1.4619005755066934
CaptureSite_16_201924,1.4550800626861806
CaptureSite_16_201925,1.4550800626861806
CaptureSite_16_201926,1.488798261154379
CaptureSite_16_201927,1.4619005755066934
CaptureSite_16_201928,1.4550800626861806
CaptureSite_16_201929,1.4550800626861806
CaptureSite_16_201930,1.4667500800308668
CaptureSite_16_201931,1.481884945165732
CaptureSite_16_201932,1.4549872595180462
CaptureSite_16_201933,1.4481667466975336
CaptureSite_16_201934,1.432123695940159
CaptureSite_16_201935,1.470378479774211
CaptureSite_16_201936,1.4447792776494186
CaptureSite_16_201937,1.4329217974685688
CaptureSite_16_201938,1.4503278180512948
CaptureSite_16_201939,1.4813303894235843
CaptureSite_16_201940,1.4691688886187555
CaptureSite_16_201941,1.4627393590417461
CaptureSite_16_201942,1.4303043161337607
CaptureSite_16_201943,1.417980939740819
CaptureSite_16_201944,1.5208818064971572
CaptureSite_17_201901,0.8759109816394528
CaptureSite_17_201902,0.8776942476028431
CaptureSite_17_201903,0.8729323428409382
CaptureSite_17_201904,0.8545905712664081
CaptureSite_17_201905,1.0023500661574822
CaptureSite_17_201906,0.8692656761742715
CaptureSite_17_201907,0.8729323428409382
CaptureSite_17_201908,0.8538397502483458
CaptureSite_17_201909,0.8492096188854559
CaptureSite_17_201910,0.8692656761742715
CaptureSite_17_201911,0.8675513904599859
CaptureSite_17_201912,0.8484587978673934
CaptureSite_17_201913,0.845411541962379
CaptureSite_17_201914,0.8654675992511947
CaptureSite_17_201915,0.874519442569167
CaptureSite_17_201916,0.858233557401703
CaptureSite_17_201917,0.8398917858271728
CaptureSite_17_201918,0.9876512807182468
CaptureSite_17_201919,0.86837641454456
CaptureSite_17_201920,0.858233557401703
CaptureSite_17_201921,0.8213084524938397
CaptureSite_17_201922,0.9876512807182468
CaptureSite_17_201923,0.8734939054432891
CaptureSite_17_201924,0.8717796197290035
CaptureSite_17_201925,0.8465762541601481
CaptureSite_17_201926,0.8473270751782106
CaptureSite_17_201927,0.8673831324670261
CaptureSite_17_201928,0.8656688467527406
CaptureSite_17_201929,0.8656688467527406
CaptureSite_17_201930,0.8473270751782106
CaptureSite_17_201931,0.9950865700692845
CaptureSite_17_201932,0.8758117038955977
CaptureSite_17_201933,0.8656688467527406
CaptureSite_17_201934,0.824553265654401
CaptureSite_17_201935,0.9954326792446619
CaptureSite_17_201936,0.8725973471579913
CaptureSite_17_201937,0.8824883105476452
CaptureSite_17_201938,0.8962093180908193
CaptureSite_17_201939,0.8830804908489518
CaptureSite_17_201940,1.0558197184518214
CaptureSite_17_201941,0.968500917461219
CaptureSite_17_201942,0.9916788014069181
CaptureSite_17_201943,0.949459575022828
CaptureSite_17_201944,1.1745763435027963
CaptureSite_18_201901,0.10009888808485265
CaptureSite_18_201902,0.10009888808485265
CaptureSite_18_201903,0.10009888808485265
CaptureSite_18_201904,0.23551125847589943
CaptureSite_18_201905,0.1641462902384521
CaptureSite_18_201906,0.11045652697374152
CaptureSite_18_201907,0.10898284276321521
CaptureSite_18_201908,0.20350540674203313
CaptureSite_18_201909,0.15064575468549626
CaptureSite_18_201910,0.13080584432305886
CaptureSite_18_201911,0.13085004414445203
CaptureSite_18_201912,0.16905321957506256
CaptureSite_18_201913,0.14712314611962823
CaptureSite_18_201914,0.12564276220855167
CaptureSite_18_201915,0.12564276220855167
CaptureSite_18_201916,0.15419300162430832
CaptureSite_18_201917,0.14545647945296158
CaptureSite_18_201918,0.147176752357445
CaptureSite_18_201919,0.12564276220855167
CaptureSite_18_201920,0.12564276220855167
CaptureSite_18_201921,0.14545647945296158
CaptureSite_18_201922,0.1708989745796672
CaptureSite_18_201923,0.12564276220855167
CaptureSite_18_201924,0.12564276220855167
CaptureSite_18_201925,0.16034209851438117
CaptureSite_18_201926,0.14712314611962823
CaptureSite_18_201927,0.12564276220855167
CaptureSite_18_201928,0.12564276220855167
CaptureSite_18_201929,0.154359668290975
CaptureSite_18_201930,0.15861615616768415
CaptureSite_18_201931,0.1475106346567778
CaptureSite_18_201932,0.12588405191529187
CaptureSite_18_201933,0.12588405191529187
CaptureSite_18_201934,0.14579036175229437
CaptureSite_18_201935,0.1531236950856277
CaptureSite_18_201936,0.12588405191529187
CaptureSite_18_201937,0.12588405191529187
CaptureSite_18_201938,0.14914757357881356
CaptureSite_18_201939,0.14745702841896102
CaptureSite_18_201940,0.1475106346567778
CaptureSite_18_201941,0.12588405191529187
CaptureSite_18_201942,0.12588405191529187
CaptureSite_18_201943,0.14579036175229437
CaptureSite_18_201944,0.1475106346567778
CaptureSite_19_201901,1.2100146717986673
CaptureSite_19_201902,1.1939249218890418
CaptureSite_19_201903,1.19043795635137
CaptureSite_19_201904,1.1761318990625542
CaptureSite_19_201905,1.4539404560026903
CaptureSite_19_201906,1.2102029136163273
CaptureSite_19_201907,1.200758469171883
CaptureSite_19_201908,1.1713453637587774
CaptureSite_19_201909,1.23168745461811
CaptureSite_19_201910,1.2102029136163273
CaptureSite_19_201911,1.200758469171883
CaptureSite_19_201912,1.1713453637587774
CaptureSite_19_201913,1.227889377695033
CaptureSite_19_201914,1.2064048366932503
CaptureSite_19_201915,1.207726521281064
CaptureSite_19_201916,1.181120123293087
CaptureSite_19_201917,1.1668140660042712
CaptureSite_19_201918,1.4446226229444072
CaptureSite_19_201919,1.2008850805580442
CaptureSite_19_201920,1.1652867899597539
CaptureSite_19_201921,1.1441950183852236
CaptureSite_19_201922,1.4446226229444072
CaptureSite_19_201923,1.214431142885345
CaptureSite_19_201924,1.2049866984409006
CaptureSite_19_201925,1.1694628200515322
CaptureSite_19_201926,1.2298049109108646
CaptureSite_19_201927,1.2083203699090819
CaptureSite_19_201928,1.1988759254646375
CaptureSite_19_201929,1.188555412644125
CaptureSite_19_201930,1.1742493553553088
CaptureSite_19_201931,1.4520579122954451
CaptureSite_19_201932,1.2083203699090819
CaptureSite_19_201933,1.1727220793107915
CaptureSite_19_201934,1.1516303077362613
CaptureSite_19_201935,1.4660208752584076
CaptureSite_19_201936,1.2271514383876323
CaptureSite_19_201937,1.2306077041548782
CaptureSite_19_201938,1.288503304679849
CaptureSite_19_201939,1.4282187120374976
CaptureSite_19_201940,1.7909462672970144
CaptureSite_19_201941,1.6543390644189337
CaptureSite_19_201942,1.6669791235095903
CaptureSite_19_201943,1.6506810346464695
CaptureSite_19_201944,2.284230624150767
CaptureSite_2_201901,0.7709879296263159
CaptureSite_2_201902,0.759204379842766
CaptureSite_2_201903,0.7719583480967345
CaptureSite_2_201904,0.8012724506608367
CaptureSite_2_201905,0.8075728662963466
CaptureSite_2_201906,0.7709879296263159
CaptureSite_2_201907,0.7543472369856232
CaptureSite_2_201908,0.7699583480967344
CaptureSite_2_201909,0.7885780062163923
CaptureSite_2_201910,0.7709879296263159
CaptureSite_2_201911,0.7543472369856232
CaptureSite_2_201912,0.7699583480967344
CaptureSite_2_201913,0.7885780062163923
CaptureSite_2_201914,0.7709879296263159
CaptureSite_2_201915,0.759204379842766
CaptureSite_2_201916,0.7699583480967344
CaptureSite_2_201917,0.7908002284386145
CaptureSite_2_201918,0.8075728662963466
CaptureSite_2_201919,0.759204379842766
CaptureSite_2_201920,0.7494583480967344
CaptureSite_2_201921,0.8012724506608367
CaptureSite_2_201922,0.8075728662963466
CaptureSite_2_201923,0.7709879296263159
CaptureSite_2_201924,0.7543472369856232
CaptureSite_2_201925,0.7699583480967344
CaptureSite_2_201926,0.7885780062163923
CaptureSite_2_201927,0.7709879296263159
CaptureSite_2_201928,0.759204379842766
CaptureSite_2_201929,0.7699583480967344
CaptureSite_2_201930,0.7908002284386145
CaptureSite_2_201931,0.8075728662963466
CaptureSite_2_201932,0.7798388068192983
CaptureSite_2_201933,0.7508816890578328
CaptureSite_2_201934,0.791802934479078
CaptureSite_2_201935,0.8101142196798052
CaptureSite_2_201936,0.7884916890248121
CaptureSite_2_201937,0.6915654463371488
CaptureSite_2_201938,0.5957024998294653
CaptureSite_2_201939,0.610036443663409
CaptureSite_2_201940,0.6516595088715685
CaptureSite_2_201941,0.635410284361718
CaptureSite_2_201942,0.6893505858491892
CaptureSite_2_201943,0.6928138257722831
CaptureSite_2_201944,0.7342763293198808
CaptureSite_20_201901,0.6602437543286165
CaptureSite_20_201902,0.3889357597068301
CaptureSite_20_201903,0.3573675547688414
CaptureSite_20_201904,0.4165075278413067
CaptureSite_20_201905,0.389151671755637
CaptureSite_20_201906,0.36812058152747107
CaptureSite_20_201907,0.39986378763188685
CaptureSite_20_201908,0.36929736638383703
CaptureSite_20_201909,0.3786012568519555
CaptureSite_20_201910,0.3739626567370842
CaptureSite_20_201911,0.39820586284149995
CaptureSite_20_201912,0.3711482135232748
CaptureSite_20_201913,0.3654521039913932
CaptureSite_20_201914,0.4424973279275873
CaptureSite_20_201915,0.4077440597796156
CaptureSite_20_201916,0.40092318408446603
CaptureSite_20_201917,0.6464688077244487
CaptureSite_20_201918,0.5765236757844009
CaptureSite_20_201919,0.4510177414558171
CaptureSite_20_201920,0.49692295613088655
CaptureSite_20_201921,0.5272327180683358
CaptureSite_20_201922,0.5103564652434553
CaptureSite_20_201923,0.5243695601616529
CaptureSite_20_201924,0.4881552086472037
CaptureSite_20_201925,0.5273329119340864
CaptureSite_20_201926,0.455693497615686
CaptureSite_20_201927,0.4421554739968358
CaptureSite_20_201928,0.470319713583623
CaptureSite_20_201929,0.4732794402443156
CaptureSite_20_201930,0.4132155879659322
CaptureSite_20_201931,0.4035324449251943
CaptureSite_20_201932,0.4605746410203391
CaptureSite_20_201933,0.4430705427193972
CaptureSite_20_201934,0.44478619580788986
CaptureSite_20_201935,0.3940838428631319
CaptureSite_20_201936,0.42760534114286325
CaptureSite_20_201937,0.4423669166376299
CaptureSite_20_201938,0.4349022213892058
CaptureSite_20_201939,0.3992061188921877
CaptureSite_20_201940,0.37711248819096205
CaptureSite_20_201941,0.4463639338675137
CaptureSite_20_201942,0.47626510777182884
CaptureSite_20_201943,0.48953158700359417
CaptureSite_20_201944,0.4405031105868275
CaptureSite_21_201901,1.6947180051364632
CaptureSite_21_201902,1.1167922173303972
CaptureSite_21_201903,0.9819068200317544
CaptureSite_21_201904,0.9782905006571148
CaptureSite_21_201905,1.010260479830076
CaptureSite_21_201906,0.9580457838919125
CaptureSite_21_201907,0.935949354771802
CaptureSite_21_201908,0.9112247379884109
CaptureSite_21_201909,0.9382598874255182
CaptureSite_21_201910,0.9753461746476851
CaptureSite_21_201911,1.0584365654755994
CaptureSite_21_201912,1.0332330827138976
CaptureSite_21_201913,1.07335561903753
CaptureSite_21_201914,1.4625388587699408
CaptureSite_21_201915,1.0755312198896718
CaptureSite_21_201916,1.0360346346700846
CaptureSite_21_201917,1.1218665593044392
CaptureSite_21_201918,1.2239681909221831
CaptureSite_21_201919,1.233232715317585
CaptureSite_21_201920,1.204770553223413
CaptureSite_21_201921,1.2189620549487414
CaptureSite_21_201922,1.2316324419584803
CaptureSite_21_201923,1.1378498539327888
CaptureSite_21_201924,1.1700419193467169
CaptureSite_21_201925,1.1717639926593386
CaptureSite_21_201926,1.2051750593076438
CaptureSite_21_201927,1.4571037970195835
CaptureSite_21_201928,1.1889671582141146
CaptureSite_21_201929,1.1729767968747202
CaptureSite_21_201930,1.2118631141495917
CaptureSite_21_201931,1.296499988493743
CaptureSite_21_201932,1.1610743779429082
CaptureSite_21_201933,1.1313957004912079
CaptureSite_21_201934,1.1572723553657294
CaptureSite_21_201935,1.203254513673844
CaptureSite_21_201936,1.4098828646028547
CaptureSite_21_201937,1.2235583927149947
CaptureSite_21_201938,1.2361056703626792
CaptureSite_21_201939,1.2882318654068405
CaptureSite_21_201940,1.3320220198529382
CaptureSite_21_201941,1.2605911894511015
CaptureSite_21_201942,1.216301678633171
CaptureSite_21_201943,1.237496327925754
CaptureSite_21_201944,1.335279520522785
CaptureSite_22_201901,1.09072379865904
CaptureSite_22_201902,1.0746340487494142
CaptureSite_22_201903,1.055313749878409
CaptureSite_22_201904,1.0369719783038789
CaptureSite_22_201905,1.314780535244015
CaptureSite_22_201906,1.0909120404766997
CaptureSite_22_201907,1.0814675960322553
CaptureSite_22_201908,1.0362211572858164
CaptureSite_22_201909,1.0925275338594345
CaptureSite_22_201910,1.0909120404766997
CaptureSite_22_201911,1.0814675960322553
CaptureSite_22_201912,1.0362211572858164
CaptureSite_22_201913,1.0887294569363575
CaptureSite_22_201914,1.0871139635536229
CaptureSite_22_201915,1.0884356481414366
CaptureSite_22_201916,1.045995916820126
CaptureSite_22_201917,1.0276541452455958
CaptureSite_22_201918,1.305462702185732
CaptureSite_22_201919,1.0815942074184166
CaptureSite_22_201920,1.045995916820126
CaptureSite_22_201921,1.0090708119122624
CaptureSite_22_201922,1.305462702185732
CaptureSite_22_201923,1.090190502531799
CaptureSite_22_201924,1.0807460580873547
CaptureSite_22_201925,1.029388846364653
CaptureSite_22_201926,1.0856952229382708
CaptureSite_22_201927,1.0840797295555362
CaptureSite_22_201928,1.0746352851110919
CaptureSite_22_201929,1.0484814389572454
CaptureSite_22_201930,1.02382574692817
CaptureSite_22_201931,1.3016343038683058
CaptureSite_22_201932,1.0777658091009907
CaptureSite_22_201933,1.0421675185027
CaptureSite_22_201934,1.0052424135948366
CaptureSite_22_201935,1.3061708892341597
CaptureSite_22_201936,1.0871704999824319
CaptureSite_22_201937,1.0852390256522602
CaptureSite_22_201938,1.0862445990587555
CaptureSite_22_201939,1.1099213273724435
CaptureSite_22_201940,1.3702974515931552
CaptureSite_22_201941,1.2151369769368943
CaptureSite_22_201942,1.2735189603460184
CaptureSite_22_201943,1.2125497339619282
CaptureSite_22_201944,1.5667331088286562
CaptureSite_23_201901,1.94144690574594
CaptureSite_23_201902,1.9890561371578024
CaptureSite_23_201903,1.7209402144280017
CaptureSite_23_201904,1.7379342225900465
CaptureSite_23_201905,1.705800242848779
CaptureSite_23_201906,1.6969190130628036
CaptureSite_23_201907,1.6172755687554217
CaptureSite_23_201908,1.6733329227983376
CaptureSite_23_201909,1.7220545436209846
CaptureSite_23_201910,1.7035383312446217
CaptureSite_23_201911,1.61441760745996
CaptureSite_23_201912,1.663855643321058
CaptureSite_23_201913,1.7125772641437051
CaptureSite_23_201914,1.6750094522621342
CaptureSite_23_201915,1.611723612285117
CaptureSite_23_201916,1.6048807977835013
CaptureSite_23_201917,1.7042671756741503
CaptureSite_23_201918,1.6657335784043843
CaptureSite_23_201919,1.6656326401846149
CaptureSite_23_201920,1.5734780876274528
CaptureSite_23_201921,1.672864465518102
CaptureSite_23_201922,1.6536910032532968
CaptureSite_23_201923,1.6311305516298946
CaptureSite_23_201924,1.5514871073225125
CaptureSite_23_201925,1.6023804204030656
CaptureSite_23_201926,1.6466811849512082
CaptureSite_23_201927,1.6266156312920084
CaptureSite_23_201928,1.5720323584042797
CaptureSite_23_201929,1.526886904570815
CaptureSite_23_201930,1.6018589967471788
CaptureSite_23_201931,1.595656340005995
CaptureSite_23_201932,1.586565155589557
CaptureSite_23_201933,1.5632039746186988
CaptureSite_23_201934,1.6810722369231024
CaptureSite_23_201935,1.7969548177263233
CaptureSite_23_201936,1.9187435664756762
CaptureSite_23_201937,1.8667380838630874
CaptureSite_23_201938,1.8083914071549225
CaptureSite_23_201939,1.8133125660736527
CaptureSite_23_201940,2.710062861031038
CaptureSite_23_201941,3.032766315307364
CaptureSite_23_201942,3.1846759982813113
CaptureSite_23_201943,3.1289156447212827
CaptureSite_23_201944,3.270909524221515
CaptureSite_24_201901,1.1926705509152256
CaptureSite_24_201902,1.1765808010055998
CaptureSite_24_201903,1.1730938354679281
CaptureSite_24_201904,1.158787778179112
CaptureSite_24_201905,1.4365963351192483
CaptureSite_24_201906,1.1928587927328855
CaptureSite_24_201907,1.183414348288441
CaptureSite_24_201908,1.1540012428753355
CaptureSite_24_201909,1.2143433337346679
CaptureSite_24_201910,1.1928587927328855
CaptureSite_24_201911,1.183414348288441
CaptureSite_24_201912,1.1540012428753355
CaptureSite_24_201913,1.2105452568115909
CaptureSite_24_201914,1.1890607158098085
CaptureSite_24_201915,1.190382400397622
CaptureSite_24_201916,1.163776002409645
CaptureSite_24_201917,1.1494699451208292
CaptureSite_24_201918,1.4272785020609653
CaptureSite_24_201919,1.1835409596746025
CaptureSite_24_201920,1.1479426690763117
CaptureSite_24_201921,1.1268508975017817
CaptureSite_24_201922,1.4272785020609653
CaptureSite_24_201923,1.1889099389057116
CaptureSite_24_201924,1.179465494461267
CaptureSite_24_201925,1.1439416160718987
CaptureSite_24_201926,1.204283706931231
CaptureSite_24_201927,1.1827991659294486
CaptureSite_24_201928,1.1733547214850042
CaptureSite_24_201929,1.1630342086644914
CaptureSite_24_201930,1.14241423092113
CaptureSite_24_201931,1.420222787861266
CaptureSite_24_201932,1.176485245474903
CaptureSite_24_201933,1.1408869548766125
CaptureSite_24_201934,1.1197951833020823
CaptureSite_24_201935,1.4341857508242288
CaptureSite_24_201936,1.1953163139534535
CaptureSite_24_201937,1.1987725797206992
CaptureSite_24_201938,1.2566681802456698
CaptureSite_24_201939,1.396383587603319
CaptureSite_24_201940,1.7557052684584549
CaptureSite_24_201941,1.6219552084375168
CaptureSite_24_201942,1.6447172187476857
CaptureSite_24_201943,1.6284191298845647
CaptureSite_24_201944,2.2619687193888622
CaptureSite_25_201901,3.7609400661259893
CaptureSite_25_201902,3.747848718911385
CaptureSite_25_201903,3.5232207053157207
CaptureSite_25_201904,3.5381373719823874
CaptureSite_25_201905,3.73146463079428
CaptureSite_25_201906,3.816159318149795
CaptureSite_25_201907,3.614327307047323
CaptureSite_25_201908,3.614327307047323
CaptureSite_25_201909,3.760708259428276
CaptureSite_25_201910,3.816159318149795
CaptureSite_25_201911,3.614327307047323
CaptureSite_25_201912,3.614327307047323
CaptureSite_25_201913,3.760708259428276
CaptureSite_25_201914,3.816159318149795
CaptureSite_25_201915,3.6544365507448022
CaptureSite_25_201916,3.614327307047323
CaptureSite_25_201917,3.732708259428276
CaptureSite_25_201918,3.7084422982880763
CaptureSite_25_201919,3.792206937197414
CaptureSite_25_201920,3.5532696629370473
CaptureSite_25_201921,3.497685425696052
CaptureSite_25_201922,3.5348302832693026
CaptureSite_25_201923,3.684600770131857
CaptureSite_25_201924,3.4700208598697206
CaptureSite_25_201925,3.3757207608876927
CaptureSite_25_201926,3.319734597478453
CaptureSite_25_201927,3.4440584859360803
CaptureSite_25_201928,3.291038285620376
CaptureSite_25_201929,3.240681978294701
CaptureSite_25_201930,3.2405732481359713
CaptureSite_25_201931,3.2329384760795925
CaptureSite_25_201932,3.4999622855938526
CaptureSite_25_201933,3.4142384840242666
CaptureSite_25_201934,3.609091973255404
CaptureSite_25_201935,3.597302284876542
CaptureSite_25_201936,3.636186718524958
CaptureSite_25_201937,3.6185772300831167
CaptureSite_25_201938,3.5415638148512545
CaptureSite_25_201939,3.4861727202827404
CaptureSite_25_201940,4.056730097301692
CaptureSite_25_201941,4.1800778107197365
CaptureSite_25_201942,4.150274487546761
CaptureSite_25_201943,4.131124778244435
CaptureSite_25_201944,4.295134784871859
CaptureSite_26_201901,0.24200912171660677
CaptureSite_26_201902,0.2018564533001588
CaptureSite_26_201903,0.2072453421890477
CaptureSite_26_201904,0.20822354176724725
CaptureSite_26_201905,0.29089958794329346
CaptureSite_26_201906,0.20774931044301592
CaptureSite_26_201907,0.21151029945400496
CaptureSite_26_201908,0.1837954032391087
CaptureSite_26_201909,0.2225285154673822
CaptureSite_26_201910,0.20574931044301592
CaptureSite_26_201911,0.20285645330015878
CaptureSite_26_201912,0.18912873657244209
CaptureSite_26_201913,0.21852851546738222
CaptureSite_26_201914,0.21499095908516927
CaptureSite_26_201915,0.2112647686089788
CaptureSite_26_201916,0.18894730829151846
CaptureSite_26_201917,0.18657341551762566
CaptureSite_26_201918,0.35397552329926263
CaptureSite_26_201919,0.2371233666047267
CaptureSite_26_201920,0.2696946425510026
CaptureSite_26_201921,0.23301446115927915
CaptureSite_26_201922,0.24030251975697275
CaptureSite_26_201923,0.23613587134136937
CaptureSite_26_201924,0.29134805407941416
CaptureSite_26_201925,0.29956463495320296
CaptureSite_26_201926,0.29236865370735726
CaptureSite_26_201927,0.28872317292867095
CaptureSite_26_201928,0.2929452901766503
CaptureSite_26_201929,0.29674268566066553
CaptureSite_26_201930,0.28173813422683774
CaptureSite_26_201931,0.2889909369796405
CaptureSite_26_201932,0.3232571188174262
CaptureSite_26_201933,0.3609702638011192
CaptureSite_26_201934,0.28163085220923834
CaptureSite_26_201935,0.2796942208559491
CaptureSite_26_201936,0.32312057967557295
CaptureSite_26_201937,0.3400153298461852
CaptureSite_26_201938,0.28196573851287465
CaptureSite_26_201939,0.2925178943338756
CaptureSite_26_201940,0.2674399608294715
CaptureSite_26_201941,0.2569794110102664
CaptureSite_26_201942,0.18890428671480308
CaptureSite_26_201943,0.15001382500932345
CaptureSite_26_201944,0.22131226520813108
CaptureSite_27_201901,0.8164099346886015
CaptureSite_27_201902,0.7977236578148283
CaptureSite_27_201903,0.7378975709518169
CaptureSite_27_201904,0.7316943574129583
CaptureSite_27_201905,1.0532516870631587
CaptureSite_27_201906,0.794805827019493
CaptureSite_27_201907,0.832159820411077
CaptureSite_27_201908,1.828284647192307
CaptureSite_27_201909,0.454769144965125
CaptureSite_27_201910,0.49084678512159896
CaptureSite_27_201911,0.3648416979244658
CaptureSite_27_201912,0.3196953041591551
CaptureSite_27_201913,0.25923311167866614
CaptureSite_27_201914,0.348421950728003
CaptureSite_27_201915,0.31421269379091166
CaptureSite_27_201916,0.29789325468239164
CaptureSite_27_201917,0.25936056265905827
CaptureSite_27_201918,0.28536233664122984
CaptureSite_27_201919,0.35344069235735404
CaptureSite_27_201920,0.2946701719086541
CaptureSite_27_201921,0.25115704890247276
CaptureSite_27_201922,0.25341919507263605
CaptureSite_27_201923,0.33813862591659544
CaptureSite_27_201924,0.2738049019639648
CaptureSite_27_201925,0.2720026143822655
CaptureSite_27_201926,0.23739746972196335
CaptureSite_27_201927,0.3236844204757237
CaptureSite_27_201928,0.285111527174996
CaptureSite_27_201929,0.26879208806647603
CaptureSite_27_201930,0.23943411280594784
CaptureSite_27_201931,0.2781838905062173
CaptureSite_27_201932,0.3435182190256931
CaptureSite_27_201933,0.282131156331059
CaptureSite_27_201934,0.26050650474413184
CaptureSite_27_201935,0.2572216153446887
CaptureSite_27_201936,0.346513582463037
CaptureSite_27_201937,0.29496242699870945
CaptureSite_27_201938,0.2931959187560681
CaptureSite_27_201939,0.25359077409576597
CaptureSite_27_201940,0.3142588795768276
CaptureSite_27_201941,0.3384308119437587
CaptureSite_27_201942,0.2998887985898691
CaptureSite_27_201943,0.3321691682716674
CaptureSite_27_201944,0.5765465931982057
CaptureSite_28_201901,0.10495159541438906
CaptureSite_28_201902,0.10510666645181303
CaptureSite_28_201903,0.10473988897159016
CaptureSite_28_201904,0.1130732223049235
CaptureSite_28_201905,0.2395576678951966
CaptureSite_28_201906,0.13681434051242822
CaptureSite_28_201907,0.10134773210884505
CaptureSite_28_201908,0.2687646161479142
CaptureSite_28_201909,0.10509794948124745
CaptureSite_28_201910,0.11939675743131593
CaptureSite_28_201911,0.10329522839281209
CaptureSite_28_201912,0.10329522839281209
CaptureSite_28_201913,0.10662856172614543
CaptureSite_28_201914,0.10922485604664858
CaptureSite_28_201915,0.1014981743829921
CaptureSite_28_201916,0.10180586669068442
CaptureSite_28_201917,0.10611355899837674
CaptureSite_28_201918,0.2391966020696003
CaptureSite_28_201919,0.1094462202680128
CaptureSite_28_201920,0.10151551978269045
CaptureSite_28_201921,0.10151551978269045
CaptureSite_28_201922,0.11215749003784124
CaptureSite_28_201923,0.10579628461807715
CaptureSite_28_201924,0.10151551978269045
CaptureSite_28_201925,0.10151551978269045
CaptureSite_28_201926,0.10151551978269045
CaptureSite_28_201927,0.09978302412520076
CaptureSite_28_201928,0.09822020800776278
CaptureSite_28_201929,0.10069029972337878
CaptureSite_28_201930,0.1056902997233788
CaptureSite_28_201931,0.2367206771631324
CaptureSite_28_201932,0.11889016698234361
CaptureSite_28_201933,0.1056902997233788
CaptureSite_28_201934,0.1056902997233788
CaptureSite_28_201935,0.11223494258052165
CaptureSite_28_201936,0.10910120594338257
CaptureSite_28_201937,0.11667514820822729
CaptureSite_28_201938,0.11000848154156062
CaptureSite_28_201939,0.11535696639004547
CaptureSite_28_201940,0.2119825819250371
CaptureSite_28_201941,0.11697543420891517
CaptureSite_28_201942,0.11000848154156062
CaptureSite_28_201943,0.11310985826246174
CaptureSite_28_201944,0.2353221371341168
CaptureSite_3_201901,4.451529720124072
CaptureSite_3_201902,4.44123415362161
CaptureSite_3_201903,4.698432736901075
CaptureSite_3_201904,4.843242982211319
CaptureSite_3_201905,4.816543397846829
CaptureSite_3_201906,4.4478055821930385
CaptureSite_3_201907,4.417752010764467
CaptureSite_3_201908,4.822266791735129
CaptureSite_3_201909,4.7975485377668745
CaptureSite_3_201910,4.4478055821930385
CaptureSite_3_201911,4.417752010764467
CaptureSite_3_201912,4.822266791735129
CaptureSite_3_201913,4.7975485377668745
CaptureSite_3_201914,4.4478055821930385
CaptureSite_3_201915,4.44123415362161
CaptureSite_3_201916,4.822266791735129
CaptureSite_3_201917,4.7975485377668745
CaptureSite_3_201918,4.816543397846829
CaptureSite_3_201919,4.44123415362161
CaptureSite_3_201920,4.594210514678853
CaptureSite_3_201921,4.843242982211319
CaptureSite_3_201922,4.816543397846829
CaptureSite_3_201923,4.4478055821930385
CaptureSite_3_201924,4.417752010764467
CaptureSite_3_201925,4.822266791735129
CaptureSite_3_201926,4.7975485377668745
CaptureSite_3_201927,4.4478055821930385
CaptureSite_3_201928,4.44123415362161
CaptureSite_3_201929,4.822266791735129
CaptureSite_3_201930,4.7975485377668745
CaptureSite_3_201931,4.816543397846829
CaptureSite_3_201932,4.456656459386021
CaptureSite_3_201933,4.5408072378133335
CaptureSite_3_201934,4.862166323172418
CaptureSite_3_201935,4.885394275039811
CaptureSite_3_201936,4.522095055877249
CaptureSite_3_201937,4.450867045512819
CaptureSite_3_201938,4.806768019135394
CaptureSite_3_201939,4.648828892472583
CaptureSite_3_201940,4.582699582155871
CaptureSite_3_201941,4.065391523506304
CaptureSite_3_201942,4.127640295567911
CaptureSite_3_201943,4.193956904344374
CaptureSite_3_201944,4.264483510456073
CaptureSite_4_201901,0.7603226986768186
CaptureSite_4_201902,0.7147431505182908
CaptureSite_4_201903,0.5905318694769948
CaptureSite_4_201904,0.5472415517843516
CaptureSite_4_201905,0.6358721218299392
CaptureSite_4_201906,0.7442902578482941
CaptureSite_4_201907,0.7155331938083341
CaptureSite_4_201908,0.5545780297717731
CaptureSite_4_201909,0.5462813755987402
CaptureSite_4_201910,0.7442902578482941
CaptureSite_4_201911,0.7155331938083341
CaptureSite_4_201912,0.5545780297717731
CaptureSite_4_201913,0.5462813755987402
CaptureSite_4_201914,0.7603226986768186
CaptureSite_4_201915,0.7147431505182908
CaptureSite_4_201916,0.5859635855596543
CaptureSite_4_201917,0.534491449685193
CaptureSite_4_201918,0.6313038379125987
CaptureSite_4_201919,0.7147431505182908
CaptureSite_4_201920,0.660011033097467
CaptureSite_4_201921,0.5545780297717731
CaptureSite_4_201922,0.6313038379125987
CaptureSite_4_201923,0.7490952411386195
CaptureSite_4_201924,0.7155331938083341
CaptureSite_4_201925,0.5545780297717731
CaptureSite_4_201926,0.5427579380987403
CaptureSite_4_201927,0.7603226986768186
CaptureSite_4_201928,0.7147431505182908
CaptureSite_4_201929,0.5830596590767805
CaptureSite_4_201930,0.5315875232023193
CaptureSite_4_201931,0.628399911429725
CaptureSite_4_201932,0.725791604987798
CaptureSite_4_201933,0.7033195040125662
CaptureSite_4_201934,0.5516275194379676
CaptureSite_4_201935,0.6003694335014087
CaptureSite_4_201936,0.7717315272735878
CaptureSite_4_201937,0.7693244281410897
CaptureSite_4_201938,0.6927671703784299
CaptureSite_4_201939,0.6194425741043345
CaptureSite_4_201940,0.7139222814343443
CaptureSite_4_201941,0.8432045095939397
CaptureSite_4_201942,0.7673332442667455
CaptureSite_4_201943,0.694777351542979
CaptureSite_4_201944,0.8116964293389226
CaptureSite_5_201901,0.5302812368820371
CaptureSite_5_201902,0.49127311729493767
CaptureSite_5_201903,0.4365748232666288
CaptureSite_5_201904,0.4144842861855309
CaptureSite_5_201905,0.49313741949652223
CaptureSite_5_201906,0.5194252666417478
CaptureSite_5_201907,0.4972396311732163
CaptureSite_5_201908,0.413615635967824
CaptureSite_5_201909,0.41715684965609645
CaptureSite_5_201910,0.5194252666417478
CaptureSite_5_201911,0.4972396311732163
CaptureSite_5_201912,0.413615635967824
CaptureSite_5_201913,0.41715684965609645
CaptureSite_5_201914,0.5354577074702723
CaptureSite_5_201915,0.49644958788317306
CaptureSite_5_201916,0.43718300993752357
CaptureSite_5_201917,0.4017341840863721
CaptureSite_5_201918,0.48856913557918175
CaptureSite_5_201919,0.49644958788317306
CaptureSite_5_201920,0.47970881245369124
CaptureSite_5_201921,0.413615635967824
CaptureSite_5_201922,0.48856913557918175
CaptureSite_5_201923,0.5242302499320732
CaptureSite_5_201924,0.4923270171914534
CaptureSite_5_201925,0.4087030219860611
CaptureSite_5_201926,0.41224423567433355
CaptureSite_5_201927,0.5273547974144257
CaptureSite_5_201928,0.4883466778273264
CaptureSite_5_201929,0.42262850155844833
CaptureSite_5_201930,0.38717967570729683
CaptureSite_5_201931,0.4688066772553144
CaptureSite_5_201932,0.4802348013996605
CaptureSite_5_201933,0.4803958115692047
CaptureSite_5_201934,0.39385317764395666
CaptureSite_5_201935,0.44042616925756506
CaptureSite_5_201936,0.5048207109077203
CaptureSite_5_201937,0.4940885299064835
CaptureSite_5_201938,0.42307262472009044
CaptureSite_5_201939,0.3920122834051641
CaptureSite_5_201940,0.491140222486919
CaptureSite_5_201941,0.5952115094962638
CaptureSite_5_201942,0.581478448488483
CaptureSite_5_201943,0.5062855908463874
CaptureSite_5_201944,0.583379528869823
CaptureSite_6_201901,0.4441610532906254
CaptureSite_6_201902,0.40995791699385137
CaptureSite_6_201903,0.3663703543394315
CaptureSite_6_201904,0.35031654368979687
CaptureSite_6_201905,0.48639820888175384
CaptureSite_6_201906,0.44273244040815457
CaptureSite_6_201907,0.4291182335110516
CaptureSite_6_201908,0.34250722531864625
CaptureSite_6_201909,0.393572723221354
CaptureSite_6_201910,0.4438452808750807
CaptureSite_6_201911,0.43023107397797766
CaptureSite_6_201912,0.3436200657855723
CaptureSite_6_201913,0.393572723221354
CaptureSite_6_201914,0.4550727384132798
CaptureSite_6_201915,0.42086960211650576
CaptureSite_6_201916,0.3671874397552717
CaptureSite_6_201917,0.35195339911890555
CaptureSite_6_201918,0.47544846516454337
CaptureSite_6_201919,0.4223636401868582
CaptureSite_6_201920,0.4141942933288049
CaptureSite_6_201921,0.34511410385592467
CaptureSite_6_201922,0.4769425032348958
CaptureSite_6_201923,0.445339318945433
CaptureSite_6_201924,0.42681249806656724
CaptureSite_6_201925,0.34020148987416177
CaptureSite_6_201926,0.3901541473099435
CaptureSite_6_201927,0.4516541625018693
CaptureSite_6_201928,0.4174510262050953
CaptureSite_6_201929,0.3637688638438612
CaptureSite_6_201930,0.34853482320749507
CaptureSite_6_201931,0.47202988925313283
CaptureSite_6_201932,0.4174510262050953
CaptureSite_6_201933,0.42973113678642294
CaptureSite_6_201934,0.34020148987416177
CaptureSite_6_201935,0.4481729432789455
CaptureSite_6_201936,0.4388631292985001
CaptureSite_6_201937,0.3820608967028742
CaptureSite_6_201938,0.3133006794653456
CaptureSite_6_201939,0.3153213654034211
CaptureSite_6_201940,0.43884675214118785
CaptureSite_6_201941,0.38402111345271467
CaptureSite_6_201942,0.3547516877609921
CaptureSite_6_201943,0.2954548023814963
CaptureSite_6_201944,0.4391082245185035
CaptureSite_7_201901,0.4619814891431554
CaptureSite_7_201902,0.4277783528463812
CaptureSite_7_201903,0.40650802513191453
CaptureSite_7_201904,0.395605729633795
CaptureSite_7_201905,0.5265445376828948
CaptureSite_7_201906,0.4605528762606845
CaptureSite_7_201907,0.4522243836492958
CaptureSite_7_201908,0.38779641126264425
CaptureSite_7_201909,0.4359388322422753
CaptureSite_7_201910,0.45874263980453356
CaptureSite_7_201911,0.45041414719314493
CaptureSite_7_201912,0.3859861748064934
CaptureSite_7_201913,0.4359388322422753
CaptureSite_7_201914,0.4699700973427328
CaptureSite_7_201915,0.4357669610459588
CaptureSite_7_201916,0.40440203362467775
CaptureSite_7_201917,0.39431950813982675
CaptureSite_7_201918,0.5178145741854645
CaptureSite_7_201919,0.4372609991163112
CaptureSite_7_201920,0.4477881975430386
CaptureSite_7_201921,0.3874802128768458
CaptureSite_7_201922,0.5193086122558169
CaptureSite_7_201923,0.460236677874886
CaptureSite_7_201924,0.4469955712817345
CaptureSite_7_201925,0.38256759889508296
CaptureSite_7_201926,0.4325202563308648
CaptureSite_7_201927,0.46655152143132234
CaptureSite_7_201928,0.4323483851345483
CaptureSite_7_201929,0.40098345771326727
CaptureSite_7_201930,0.39090093222841626
CaptureSite_7_201931,0.514395998274054
CaptureSite_7_201932,0.4323483851345483
CaptureSite_7_201933,0.45950151158889185
CaptureSite_7_201934,0.38256759889508296
CaptureSite_7_201935,0.49609939712745293
CaptureSite_7_201936,0.4552278795323009
CaptureSite_7_201937,0.3982617125104455
CaptureSite_7_201938,0.36423860200774166
CaptureSite_7_201939,0.37550375662057073
CaptureSite_7_201940,0.4952645063559956
CaptureSite_7_201941,0.41074894075453877
CaptureSite_7_201942,0.4115196521006713
CaptureSite_7_201943,0.3636172353959291
CaptureSite_7_201944,0.5381251120074445
CaptureSite_8_201901,0.2017096454467115
CaptureSite_8_201902,0.18776820085157633
CaptureSite_8_201903,0.12285977506866662
CaptureSite_8_201904,0.10166285430412314
CaptureSite_8_201905,0.16255861246823103
CaptureSite_8_201906,0.1724499366145826
CaptureSite_8_201907,0.09001205737430652
CaptureSite_8_201908,0.09175115864280597
CaptureSite_8_201909,0.18860958340197656
CaptureSite_8_201910,0.36089584004560066
CaptureSite_8_201911,0.1739206940977745
CaptureSite_8_201912,0.15973295654767733
CaptureSite_8_201913,0.0684204588465673
CaptureSite_8_201914,0.24627596941056865
CaptureSite_8_201915,0.10982949951780599
CaptureSite_8_201916,0.06354575511181207
CaptureSite_8_201917,0.02597544382156821
CaptureSite_8_201918,0.031021423213778463
CaptureSite_8_201919,0.15971337602864766
CaptureSite_8_201920,0.06186880136928843
CaptureSite_8_201921,0.021848423385502386
CaptureSite_8_201922,0.04103093147071849
CaptureSite_8_201923,0.20971466713554274
CaptureSite_8_201924,0.059147496672471524
CaptureSite_8_201925,0.02272817318973998
CaptureSite_8_201926,0.021827536247064815
CaptureSite_8_201927,0.1542421698260889
CaptureSite_8_201928,0.11706208306016266
CaptureSite_8_201929,0.05315634499100737
CaptureSite_8_201930,0.021400291665021477
CaptureSite_8_201931,0.020701173018016047
CaptureSite_8_201932,0.16341354900536398
CaptureSite_8_201933,0.05434370548152232
CaptureSite_8_201934,0.029238888085354454
CaptureSite_8_201935,0.02120491780934595
CaptureSite_8_201936,0.14237138693915605
CaptureSite_8_201937,0.07821285541537326
CaptureSite_8_201938,0.020172221418687783
CaptureSite_8_201939,0.021477971747586956
CaptureSite_8_201940,0.026941702224823606
CaptureSite_8_201941,0.12568442260058799
CaptureSite_8_201942,0.07654708600846649
CaptureSite_8_201943,0.026551503980985526
CaptureSite_8_201944,0.06625153088219317
CaptureSite_9_201901,5.982659345323519
CaptureSite_9_201902,6.137581186282127
CaptureSite_9_201903,6.026198763188022
CaptureSite_9_201904,6.268815803188372
CaptureSite_9_201905,6.424275074056304
CaptureSite_9_201906,6.426181644850385
CaptureSite_9_201907,6.725684295398778
CaptureSite_9_201908,6.645311890509513
CaptureSite_9_201909,6.612644538000821
CaptureSite_9_201910,6.692991725244886
CaptureSite_9_201911,6.469206595174212
CaptureSite_9_201912,6.01384440534071
CaptureSite_9_201913,5.773203216158675
CaptureSite_9_201914,5.08507731789502
CaptureSite_9_201915,5.115681036171341
CaptureSite_9_201916,4.996210618108622
CaptureSite_9_201917,4.978361020514588
CaptureSite_9_201918,4.944860291126075
CaptureSite_9_201919,4.593444971614634
CaptureSite_9_201920,4.166712190569544
CaptureSite_9_201921,4.161785661624633
CaptureSite_9_201922,4.525000601805983
CaptureSite_9_201923,4.19056738706612
CaptureSite_9_201924,4.008803356259235
CaptureSite_9_201925,3.851182425187722
CaptureSite_9_201926,3.936460286121106
CaptureSite_9_201927,3.8368421413447122
CaptureSite_9_201928,3.8953184322006122
CaptureSite_9_201929,3.779024895956494
CaptureSite_9_201930,3.70234425350947
CaptureSite_9_201931,4.138579703691389
CaptureSite_9_201932,3.7187607116055084
CaptureSite_9_201933,3.6459830647998825
CaptureSite_9_201934,3.633426933023163
CaptureSite_9_201935,4.028284109622575
CaptureSite_9_201936,3.667194501288145
CaptureSite_9_201937,3.766479703497387
CaptureSite_9_201938,3.656495478916327
CaptureSite_9_201939,3.689024762431322
CaptureSite_9_201940,4.188949609600355
CaptureSite_9_201941,4.3233680807640775
CaptureSite_9_201942,4.263476308898123
CaptureSite_9_201943,4.0061955800511075
CaptureSite_9_201944,4.199331215263081
