Date_TimeCaught,year,week_of_year,year_woy,CaptureSite,Capture_Number
2019-01-01,2019,1,201901,CaptureSite_0,0.0
2019-01-07,2019,2,201902,CaptureSite_0,0.0
2019-01-14,2019,3,201903,CaptureSite_0,0.0
2019-01-21,2019,4,201904,CaptureSite_0,0.0
2019-01-28,2019,5,201905,CaptureSite_0,0.0
2019-02-04,2019,6,201906,CaptureSite_0,0.0
2019-02-11,2019,7,201907,CaptureSite_0,0.0
2019-02-18,2019,8,201908,CaptureSite_0,0.0
2019-02-25,2019,9,201909,CaptureSite_0,0.0
2019-03-04,2019,10,201910,CaptureSite_0,0.0
2019-03-11,2019,11,201911,CaptureSite_0,0.0
2019-03-18,2019,12,201912,CaptureSite_0,0.0
2019-03-25,2019,13,201913,CaptureSite_0,0.0
2019-04-01,2019,14,201914,CaptureSite_0,0.0
2019-04-08,2019,15,201915,CaptureSite_0,0.0
2019-04-15,2019,16,201916,CaptureSite_0,0.0
2019-04-22,2019,17,201917,CaptureSite_0,0.0
2019-04-29,2019,18,201918,CaptureSite_0,0.0
2019-05-06,2019,19,201919,CaptureSite_0,0.0
2019-05-13,2019,20,201920,CaptureSite_0,0.0
2019-05-20,2019,21,201921,CaptureSite_0,0.0
2019-05-27,2019,22,201922,CaptureSite_0,0.0
2019-06-03,2019,23,201923,CaptureSite_0,0.0
2019-06-10,2019,24,201924,CaptureSite_0,0.0
2019-06-17,2019,25,201925,CaptureSite_0,0.0
2019-06-24,2019,26,201926,CaptureSite_0,0.0
2019-07-01,2019,27,201927,CaptureSite_0,0.0
2019-07-08,2019,28,201928,CaptureSite_0,0.0
2019-07-15,2019,29,201929,CaptureSite_0,0.0
2019-07-22,2019,30,201930,CaptureSite_0,0.0
2019-07-29,2019,31,201931,CaptureSite_0,0.0
2019-08-05,2019,32,201932,CaptureSite_0,0.0
2019-08-12,2019,33,201933,CaptureSite_0,0.0
2019-08-19,2019,34,201934,CaptureSite_0,0.0
2019-08-26,2019,35,201935,CaptureSite_0,0.0
2019-09-02,2019,36,201936,CaptureSite_0,0.0
2019-09-09,2019,37,201937,CaptureSite_0,0.0
2019-09-16,2019,38,201938,CaptureSite_0,0.0
2019-09-23,2019,39,201939,CaptureSite_0,0.0
2019-09-30,2019,40,201940,CaptureSite_0,0.0
2019-10-07,2019,41,201941,CaptureSite_0,0.0
2019-10-14,2019,42,201942,CaptureSite_0,0.0
2019-10-21,2019,43,201943,CaptureSite_0,0.0
2019-10-28,2019,44,201944,CaptureSite_0,0.0
2019-01-01,2019,1,201901,CaptureSite_1,0.0
2019-01-07,2019,2,201902,CaptureSite_1,0.0
2019-01-14,2019,3,201903,CaptureSite_1,0.0
2019-01-21,2019,4,201904,CaptureSite_1,0.0
2019-01-28,2019,5,201905,CaptureSite_1,0.0
2019-02-04,2019,6,201906,CaptureSite_1,0.0
2019-02-11,2019,7,201907,CaptureSite_1,0.0
2019-02-18,2019,8,201908,CaptureSite_1,0.0
2019-02-25,2019,9,201909,CaptureSite_1,0.0
2019-03-04,2019,10,201910,CaptureSite_1,0.0
2019-03-11,2019,11,201911,CaptureSite_1,0.0
2019-03-18,2019,12,201912,CaptureSite_1,0.0
2019-03-25,2019,13,201913,CaptureSite_1,0.0
2019-04-01,2019,14,201914,CaptureSite_1,0.0
2019-04-08,2019,15,201915,CaptureSite_1,0.0
2019-04-15,2019,16,201916,CaptureSite_1,0.0
2019-04-22,2019,17,201917,CaptureSite_1,0.0
2019-04-29,2019,18,201918,CaptureSite_1,0.0
2019-05-06,2019,19,201919,CaptureSite_1,0.0
2019-05-13,2019,20,201920,CaptureSite_1,0.0
2019-05-20,2019,21,201921,CaptureSite_1,0.0
2019-05-27,2019,22,201922,CaptureSite_1,0.0
2019-06-03,2019,23,201923,CaptureSite_1,0.0
2019-06-10,2019,24,201924,CaptureSite_1,0.0
2019-06-17,2019,25,201925,CaptureSite_1,0.0
2019-06-24,2019,26,201926,CaptureSite_1,0.0
2019-07-01,2019,27,201927,CaptureSite_1,0.0
2019-07-08,2019,28,201928,CaptureSite_1,0.0
2019-07-15,2019,29,201929,CaptureSite_1,0.0
2019-07-22,2019,30,201930,CaptureSite_1,0.0
2019-07-29,2019,31,201931,CaptureSite_1,0.0
2019-08-05,2019,32,201932,CaptureSite_1,0.0
2019-08-12,2019,33,201933,CaptureSite_1,0.0
2019-08-19,2019,34,201934,CaptureSite_1,0.0
2019-08-26,2019,35,201935,CaptureSite_1,0.0
2019-09-02,2019,36,201936,CaptureSite_1,0.0
2019-09-09,2019,37,201937,CaptureSite_1,0.0
2019-09-16,2019,38,201938,CaptureSite_1,0.0
2019-09-23,2019,39,201939,CaptureSite_1,0.0
2019-09-30,2019,40,201940,CaptureSite_1,0.0
2019-10-07,2019,41,201941,CaptureSite_1,0.0
2019-10-14,2019,42,201942,CaptureSite_1,0.0
2019-10-21,2019,43,201943,CaptureSite_1,0.0
2019-10-28,2019,44,201944,CaptureSite_1,0.0
2019-01-01,2019,1,201901,CaptureSite_10,0.0
2019-01-07,2019,2,201902,CaptureSite_10,0.0
2019-01-14,2019,3,201903,CaptureSite_10,0.0
2019-01-21,2019,4,201904,CaptureSite_10,0.0
2019-01-28,2019,5,201905,CaptureSite_10,0.0
2019-02-04,2019,6,201906,CaptureSite_10,0.0
2019-02-11,2019,7,201907,CaptureSite_10,0.0
2019-02-18,2019,8,201908,CaptureSite_10,0.0
2019-02-25,2019,9,201909,CaptureSite_10,0.0
2019-03-04,2019,10,201910,CaptureSite_10,0.0
2019-03-11,2019,11,201911,CaptureSite_10,0.0
2019-03-18,2019,12,201912,CaptureSite_10,0.0
2019-03-25,2019,13,201913,CaptureSite_10,0.0
2019-04-01,2019,14,201914,CaptureSite_10,0.0
2019-04-08,2019,15,201915,CaptureSite_10,0.0
2019-04-15,2019,16,201916,CaptureSite_10,0.0
2019-04-22,2019,17,201917,CaptureSite_10,0.0
2019-04-29,2019,18,201918,CaptureSite_10,0.0
2019-05-06,2019,19,201919,CaptureSite_10,0.0
2019-05-13,2019,20,201920,CaptureSite_10,0.0
2019-05-20,2019,21,201921,CaptureSite_10,0.0
2019-05-27,2019,22,201922,CaptureSite_10,0.0
2019-06-03,2019,23,201923,CaptureSite_10,0.0
2019-06-10,2019,24,201924,CaptureSite_10,0.0
2019-06-17,2019,25,201925,CaptureSite_10,0.0
2019-06-24,2019,26,201926,CaptureSite_10,0.0
2019-07-01,2019,27,201927,CaptureSite_10,0.0
2019-07-08,2019,28,201928,CaptureSite_10,0.0
2019-07-15,2019,29,201929,CaptureSite_10,0.0
2019-07-22,2019,30,201930,CaptureSite_10,0.0
2019-07-29,2019,31,201931,CaptureSite_10,0.0
2019-08-05,2019,32,201932,CaptureSite_10,0.0
2019-08-12,2019,33,201933,CaptureSite_10,0.0
2019-08-19,2019,34,201934,CaptureSite_10,0.0
2019-08-26,2019,35,201935,CaptureSite_10,0.0
2019-09-02,2019,36,201936,CaptureSite_10,0.0
2019-09-09,2019,37,201937,CaptureSite_10,0.0
2019-09-16,2019,38,201938,CaptureSite_10,0.0
2019-09-23,2019,39,201939,CaptureSite_10,0.0
2019-09-30,2019,40,201940,CaptureSite_10,0.0
2019-10-07,2019,41,201941,CaptureSite_10,0.0
2019-10-14,2019,42,201942,CaptureSite_10,0.0
2019-10-21,2019,43,201943,CaptureSite_10,0.0
2019-10-28,2019,44,201944,CaptureSite_10,0.0
2019-01-01,2019,1,201901,CaptureSite_11,0.0
2019-01-07,2019,2,201902,CaptureSite_11,0.0
2019-01-14,2019,3,201903,CaptureSite_11,0.0
2019-01-21,2019,4,201904,CaptureSite_11,0.0
2019-01-28,2019,5,201905,CaptureSite_11,0.0
2019-02-04,2019,6,201906,CaptureSite_11,0.0
2019-02-11,2019,7,201907,CaptureSite_11,0.0
2019-02-18,2019,8,201908,CaptureSite_11,0.0
2019-02-25,2019,9,201909,CaptureSite_11,0.0
2019-03-04,2019,10,201910,CaptureSite_11,0.0
2019-03-11,2019,11,201911,CaptureSite_11,0.0
2019-03-18,2019,12,201912,CaptureSite_11,0.0
2019-03-25,2019,13,201913,CaptureSite_11,0.0
2019-04-01,2019,14,201914,CaptureSite_11,0.0
2019-04-08,2019,15,201915,CaptureSite_11,0.0
2019-04-15,2019,16,201916,CaptureSite_11,0.0
2019-04-22,2019,17,201917,CaptureSite_11,0.0
2019-04-29,2019,18,201918,CaptureSite_11,0.0
2019-05-06,2019,19,201919,CaptureSite_11,0.0
2019-05-13,2019,20,201920,CaptureSite_11,0.0
2019-05-20,2019,21,201921,CaptureSite_11,0.0
2019-05-27,2019,22,201922,CaptureSite_11,0.0
2019-06-03,2019,23,201923,CaptureSite_11,0.0
2019-06-10,2019,24,201924,CaptureSite_11,0.0
2019-06-17,2019,25,201925,CaptureSite_11,0.0
2019-06-24,2019,26,201926,CaptureSite_11,0.0
2019-07-01,2019,27,201927,CaptureSite_11,0.0
2019-07-08,2019,28,201928,CaptureSite_11,0.0
2019-07-15,2019,29,201929,CaptureSite_11,0.0
2019-07-22,2019,30,201930,CaptureSite_11,0.0
2019-07-29,2019,31,201931,CaptureSite_11,0.0
2019-08-05,2019,32,201932,CaptureSite_11,0.0
2019-08-12,2019,33,201933,CaptureSite_11,0.0
2019-08-19,2019,34,201934,CaptureSite_11,0.0
2019-08-26,2019,35,201935,CaptureSite_11,0.0
2019-09-02,2019,36,201936,CaptureSite_11,0.0
2019-09-09,2019,37,201937,CaptureSite_11,0.0
2019-09-16,2019,38,201938,CaptureSite_11,0.0
2019-09-23,2019,39,201939,CaptureSite_11,0.0
2019-09-30,2019,40,201940,CaptureSite_11,0.0
2019-10-07,2019,41,201941,CaptureSite_11,0.0
2019-10-14,2019,42,201942,CaptureSite_11,0.0
2019-10-21,2019,43,201943,CaptureSite_11,0.0
2019-10-28,2019,44,201944,CaptureSite_11,0.0
2019-01-01,2019,1,201901,CaptureSite_12,0.0
2019-01-07,2019,2,201902,CaptureSite_12,0.0
2019-01-14,2019,3,201903,CaptureSite_12,0.0
2019-01-21,2019,4,201904,CaptureSite_12,0.0
2019-01-28,2019,5,201905,CaptureSite_12,0.0
2019-02-04,2019,6,201906,CaptureSite_12,0.0
2019-02-11,2019,7,201907,CaptureSite_12,0.0
2019-02-18,2019,8,201908,CaptureSite_12,0.0
2019-02-25,2019,9,201909,CaptureSite_12,0.0
2019-03-04,2019,10,201910,CaptureSite_12,0.0
2019-03-11,2019,11,201911,CaptureSite_12,0.0
2019-03-18,2019,12,201912,CaptureSite_12,0.0
2019-03-25,2019,13,201913,CaptureSite_12,0.0
2019-04-01,2019,14,201914,CaptureSite_12,0.0
2019-04-08,2019,15,201915,CaptureSite_12,0.0
2019-04-15,2019,16,201916,CaptureSite_12,0.0
2019-04-22,2019,17,201917,CaptureSite_12,0.0
2019-04-29,2019,18,201918,CaptureSite_12,0.0
2019-05-06,2019,19,201919,CaptureSite_12,0.0
2019-05-13,2019,20,201920,CaptureSite_12,0.0
2019-05-20,2019,21,201921,CaptureSite_12,0.0
2019-05-27,2019,22,201922,CaptureSite_12,0.0
2019-06-03,2019,23,201923,CaptureSite_12,0.0
2019-06-10,2019,24,201924,CaptureSite_12,0.0
2019-06-17,2019,25,201925,CaptureSite_12,0.0
2019-06-24,2019,26,201926,CaptureSite_12,0.0
2019-07-01,2019,27,201927,CaptureSite_12,0.0
2019-07-08,2019,28,201928,CaptureSite_12,0.0
2019-07-15,2019,29,201929,CaptureSite_12,0.0
2019-07-22,2019,30,201930,CaptureSite_12,0.0
2019-07-29,2019,31,201931,CaptureSite_12,0.0
2019-08-05,2019,32,201932,CaptureSite_12,0.0
2019-08-12,2019,33,201933,CaptureSite_12,0.0
2019-08-19,2019,34,201934,CaptureSite_12,0.0
2019-08-26,2019,35,201935,CaptureSite_12,0.0
2019-09-02,2019,36,201936,CaptureSite_12,0.0
2019-09-09,2019,37,201937,CaptureSite_12,0.0
2019-09-16,2019,38,201938,CaptureSite_12,0.0
2019-09-23,2019,39,201939,CaptureSite_12,0.0
2019-09-30,2019,40,201940,CaptureSite_12,0.0
2019-10-07,2019,41,201941,CaptureSite_12,0.0
2019-10-14,2019,42,201942,CaptureSite_12,0.0
2019-10-21,2019,43,201943,CaptureSite_12,0.0
2019-10-28,2019,44,201944,CaptureSite_12,0.0
2019-01-01,2019,1,201901,CaptureSite_13,0.0
2019-01-07,2019,2,201902,CaptureSite_13,0.0
2019-01-14,2019,3,201903,CaptureSite_13,0.0
2019-01-21,2019,4,201904,CaptureSite_13,0.0
2019-01-28,2019,5,201905,CaptureSite_13,0.0
2019-02-04,2019,6,201906,CaptureSite_13,0.0
2019-02-11,2019,7,201907,CaptureSite_13,0.0
2019-02-18,2019,8,201908,CaptureSite_13,0.0
2019-02-25,2019,9,201909,CaptureSite_13,0.0
2019-03-04,2019,10,201910,CaptureSite_13,0.0
2019-03-11,2019,11,201911,CaptureSite_13,0.0
2019-03-18,2019,12,201912,CaptureSite_13,0.0
2019-03-25,2019,13,201913,CaptureSite_13,0.0
2019-04-01,2019,14,201914,CaptureSite_13,0.0
2019-04-08,2019,15,201915,CaptureSite_13,0.0
2019-04-15,2019,16,201916,CaptureSite_13,0.0
2019-04-22,2019,17,201917,CaptureSite_13,0.0
2019-04-29,2019,18,201918,CaptureSite_13,0.0
2019-05-06,2019,19,201919,CaptureSite_13,0.0
2019-05-13,2019,20,201920,CaptureSite_13,0.0
2019-05-20,2019,21,201921,CaptureSite_13,0.0
2019-05-27,2019,22,201922,CaptureSite_13,0.0
2019-06-03,2019,23,201923,CaptureSite_13,0.0
2019-06-10,2019,24,201924,CaptureSite_13,0.0
2019-06-17,2019,25,201925,CaptureSite_13,0.0
2019-06-24,2019,26,201926,CaptureSite_13,0.0
2019-07-01,2019,27,201927,CaptureSite_13,0.0
2019-07-08,2019,28,201928,CaptureSite_13,0.0
2019-07-15,2019,29,201929,CaptureSite_13,0.0
2019-07-22,2019,30,201930,CaptureSite_13,0.0
2019-07-29,2019,31,201931,CaptureSite_13,0.0
2019-08-05,2019,32,201932,CaptureSite_13,0.0
2019-08-12,2019,33,201933,CaptureSite_13,0.0
2019-08-19,2019,34,201934,CaptureSite_13,0.0
2019-08-26,2019,35,201935,CaptureSite_13,0.0
2019-09-02,2019,36,201936,CaptureSite_13,0.0
2019-09-09,2019,37,201937,CaptureSite_13,0.0
2019-09-16,2019,38,201938,CaptureSite_13,0.0
2019-09-23,2019,39,201939,CaptureSite_13,0.0
2019-09-30,2019,40,201940,CaptureSite_13,0.0
2019-10-07,2019,41,201941,CaptureSite_13,0.0
2019-10-14,2019,42,201942,CaptureSite_13,0.0
2019-10-21,2019,43,201943,CaptureSite_13,0.0
2019-10-28,2019,44,201944,CaptureSite_13,0.0
2019-01-01,2019,1,201901,CaptureSite_14,0.0
2019-01-07,2019,2,201902,CaptureSite_14,0.0
2019-01-14,2019,3,201903,CaptureSite_14,0.0
2019-01-21,2019,4,201904,CaptureSite_14,0.0
2019-01-28,2019,5,201905,CaptureSite_14,0.0
2019-02-04,2019,6,201906,CaptureSite_14,0.0
2019-02-11,2019,7,201907,CaptureSite_14,0.0
2019-02-18,2019,8,201908,CaptureSite_14,0.0
2019-02-25,2019,9,201909,CaptureSite_14,0.0
2019-03-04,2019,10,201910,CaptureSite_14,0.0
2019-03-11,2019,11,201911,CaptureSite_14,0.0
2019-03-18,2019,12,201912,CaptureSite_14,0.0
2019-03-25,2019,13,201913,CaptureSite_14,0.0
2019-04-01,2019,14,201914,CaptureSite_14,0.0
2019-04-08,2019,15,201915,CaptureSite_14,0.0
2019-04-15,2019,16,201916,CaptureSite_14,0.0
2019-04-22,2019,17,201917,CaptureSite_14,0.0
2019-04-29,2019,18,201918,CaptureSite_14,0.0
2019-05-06,2019,19,201919,CaptureSite_14,0.0
2019-05-13,2019,20,201920,CaptureSite_14,0.0
2019-05-20,2019,21,201921,CaptureSite_14,0.0
2019-05-27,2019,22,201922,CaptureSite_14,0.0
2019-06-03,2019,23,201923,CaptureSite_14,0.0
2019-06-10,2019,24,201924,CaptureSite_14,0.0
2019-06-17,2019,25,201925,CaptureSite_14,0.0
2019-06-24,2019,26,201926,CaptureSite_14,0.0
2019-07-01,2019,27,201927,CaptureSite_14,0.0
2019-07-08,2019,28,201928,CaptureSite_14,0.0
2019-07-15,2019,29,201929,CaptureSite_14,0.0
2019-07-22,2019,30,201930,CaptureSite_14,0.0
2019-07-29,2019,31,201931,CaptureSite_14,0.0
2019-08-05,2019,32,201932,CaptureSite_14,0.0
2019-08-12,2019,33,201933,CaptureSite_14,0.0
2019-08-19,2019,34,201934,CaptureSite_14,0.0
2019-08-26,2019,35,201935,CaptureSite_14,0.0
2019-09-02,2019,36,201936,CaptureSite_14,0.0
2019-09-09,2019,37,201937,CaptureSite_14,0.0
2019-09-16,2019,38,201938,CaptureSite_14,0.0
2019-09-23,2019,39,201939,CaptureSite_14,0.0
2019-09-30,2019,40,201940,CaptureSite_14,0.0
2019-10-07,2019,41,201941,CaptureSite_14,0.0
2019-10-14,2019,42,201942,CaptureSite_14,0.0
2019-10-21,2019,43,201943,CaptureSite_14,0.0
2019-10-28,2019,44,201944,CaptureSite_14,0.0
2019-01-01,2019,1,201901,CaptureSite_15,0.0
2019-01-07,2019,2,201902,CaptureSite_15,0.0
2019-01-14,2019,3,201903,CaptureSite_15,0.0
2019-01-21,2019,4,201904,CaptureSite_15,0.0
2019-01-28,2019,5,201905,CaptureSite_15,0.0
2019-02-04,2019,6,201906,CaptureSite_15,0.0
2019-02-11,2019,7,201907,CaptureSite_15,0.0
2019-02-18,2019,8,201908,CaptureSite_15,0.0
2019-02-25,2019,9,201909,CaptureSite_15,0.0
2019-03-04,2019,10,201910,CaptureSite_15,0.0
2019-03-11,2019,11,201911,CaptureSite_15,0.0
2019-03-18,2019,12,201912,CaptureSite_15,0.0
2019-03-25,2019,13,201913,CaptureSite_15,0.0
2019-04-01,2019,14,201914,CaptureSite_15,0.0
2019-04-08,2019,15,201915,CaptureSite_15,0.0
2019-04-15,2019,16,201916,CaptureSite_15,0.0
2019-04-22,2019,17,201917,CaptureSite_15,0.0
2019-04-29,2019,18,201918,CaptureSite_15,0.0
2019-05-06,2019,19,201919,CaptureSite_15,0.0
2019-05-13,2019,20,201920,CaptureSite_15,0.0
2019-05-20,2019,21,201921,CaptureSite_15,0.0
2019-05-27,2019,22,201922,CaptureSite_15,0.0
2019-06-03,2019,23,201923,CaptureSite_15,0.0
2019-06-10,2019,24,201924,CaptureSite_15,0.0
2019-06-17,2019,25,201925,CaptureSite_15,0.0
2019-06-24,2019,26,201926,CaptureSite_15,0.0
2019-07-01,2019,27,201927,CaptureSite_15,0.0
2019-07-08,2019,28,201928,CaptureSite_15,0.0
2019-07-15,2019,29,201929,CaptureSite_15,0.0
2019-07-22,2019,30,201930,CaptureSite_15,0.0
2019-07-29,2019,31,201931,CaptureSite_15,0.0
2019-08-05,2019,32,201932,CaptureSite_15,0.0
2019-08-12,2019,33,201933,CaptureSite_15,0.0
2019-08-19,2019,34,201934,CaptureSite_15,0.0
2019-08-26,2019,35,201935,CaptureSite_15,0.0
2019-09-02,2019,36,201936,CaptureSite_15,0.0
2019-09-09,2019,37,201937,CaptureSite_15,0.0
2019-09-16,2019,38,201938,CaptureSite_15,0.0
2019-09-23,2019,39,201939,CaptureSite_15,0.0
2019-09-30,2019,40,201940,CaptureSite_15,0.0
2019-10-07,2019,41,201941,CaptureSite_15,0.0
2019-10-14,2019,42,201942,CaptureSite_15,0.0
2019-10-21,2019,43,201943,CaptureSite_15,0.0
2019-10-28,2019,44,201944,CaptureSite_15,0.0
2019-01-01,2019,1,201901,CaptureSite_16,0.0
2019-01-07,2019,2,201902,CaptureSite_16,0.0
2019-01-14,2019,3,201903,CaptureSite_16,0.0
2019-01-21,2019,4,201904,CaptureSite_16,0.0
2019-01-28,2019,5,201905,CaptureSite_16,0.0
2019-02-04,2019,6,201906,CaptureSite_16,0.0
2019-02-11,2019,7,201907,CaptureSite_16,0.0
2019-02-18,2019,8,201908,CaptureSite_16,0.0
2019-02-25,2019,9,201909,CaptureSite_16,0.0
2019-03-04,2019,10,201910,CaptureSite_16,0.0
2019-03-11,2019,11,201911,CaptureSite_16,0.0
2019-03-18,2019,12,201912,CaptureSite_16,0.0
2019-03-25,2019,13,201913,CaptureSite_16,0.0
2019-04-01,2019,14,201914,CaptureSite_16,0.0
2019-04-08,2019,15,201915,CaptureSite_16,0.0
2019-04-15,2019,16,201916,CaptureSite_16,0.0
2019-04-22,2019,17,201917,CaptureSite_16,0.0
2019-04-29,2019,18,201918,CaptureSite_16,0.0
2019-05-06,2019,19,201919,CaptureSite_16,0.0
2019-05-13,2019,20,201920,CaptureSite_16,0.0
2019-05-20,2019,21,201921,CaptureSite_16,0.0
2019-05-27,2019,22,201922,CaptureSite_16,0.0
2019-06-03,2019,23,201923,CaptureSite_16,0.0
2019-06-10,2019,24,201924,CaptureSite_16,0.0
2019-06-17,2019,25,201925,CaptureSite_16,0.0
2019-06-24,2019,26,201926,CaptureSite_16,0.0
2019-07-01,2019,27,201927,CaptureSite_16,0.0
2019-07-08,2019,28,201928,CaptureSite_16,0.0
2019-07-15,2019,29,201929,CaptureSite_16,0.0
2019-07-22,2019,30,201930,CaptureSite_16,0.0
2019-07-29,2019,31,201931,CaptureSite_16,0.0
2019-08-05,2019,32,201932,CaptureSite_16,0.0
2019-08-12,2019,33,201933,CaptureSite_16,0.0
2019-08-19,2019,34,201934,CaptureSite_16,0.0
2019-08-26,2019,35,201935,CaptureSite_16,0.0
2019-09-02,2019,36,201936,CaptureSite_16,0.0
2019-09-09,2019,37,201937,CaptureSite_16,0.0
2019-09-16,2019,38,201938,CaptureSite_16,0.0
2019-09-23,2019,39,201939,CaptureSite_16,0.0
2019-09-30,2019,40,201940,CaptureSite_16,0.0
2019-10-07,2019,41,201941,CaptureSite_16,0.0
2019-10-14,2019,42,201942,CaptureSite_16,0.0
2019-10-21,2019,43,201943,CaptureSite_16,0.0
2019-10-28,2019,44,201944,CaptureSite_16,0.0
2019-01-01,2019,1,201901,CaptureSite_17,0.0
2019-01-07,2019,2,201902,CaptureSite_17,0.0
2019-01-14,2019,3,201903,CaptureSite_17,0.0
2019-01-21,2019,4,201904,CaptureSite_17,0.0
2019-01-28,2019,5,201905,CaptureSite_17,0.0
2019-02-04,2019,6,201906,CaptureSite_17,0.0
2019-02-11,2019,7,201907,CaptureSite_17,0.0
2019-02-18,2019,8,201908,CaptureSite_17,0.0
2019-02-25,2019,9,201909,CaptureSite_17,0.0
2019-03-04,2019,10,201910,CaptureSite_17,0.0
2019-03-11,2019,11,201911,CaptureSite_17,0.0
2019-03-18,2019,12,201912,CaptureSite_17,0.0
2019-03-25,2019,13,201913,CaptureSite_17,0.0
2019-04-01,2019,14,201914,CaptureSite_17,0.0
2019-04-08,2019,15,201915,CaptureSite_17,0.0
2019-04-15,2019,16,201916,CaptureSite_17,0.0
2019-04-22,2019,17,201917,CaptureSite_17,0.0
2019-04-29,2019,18,201918,CaptureSite_17,0.0
2019-05-06,2019,19,201919,CaptureSite_17,0.0
2019-05-13,2019,20,201920,CaptureSite_17,0.0
2019-05-20,2019,21,201921,CaptureSite_17,0.0
2019-05-27,2019,22,201922,CaptureSite_17,0.0
2019-06-03,2019,23,201923,CaptureSite_17,0.0
2019-06-10,2019,24,201924,CaptureSite_17,0.0
2019-06-17,2019,25,201925,CaptureSite_17,0.0
2019-06-24,2019,26,201926,CaptureSite_17,0.0
2019-07-01,2019,27,201927,CaptureSite_17,0.0
2019-07-08,2019,28,201928,CaptureSite_17,0.0
2019-07-15,2019,29,201929,CaptureSite_17,0.0
2019-07-22,2019,30,201930,CaptureSite_17,0.0
2019-07-29,2019,31,201931,CaptureSite_17,0.0
2019-08-05,2019,32,201932,CaptureSite_17,0.0
2019-08-12,2019,33,201933,CaptureSite_17,0.0
2019-08-19,2019,34,201934,CaptureSite_17,0.0
2019-08-26,2019,35,201935,CaptureSite_17,0.0
2019-09-02,2019,36,201936,CaptureSite_17,0.0
2019-09-09,2019,37,201937,CaptureSite_17,0.0
2019-09-16,2019,38,201938,CaptureSite_17,0.0
2019-09-23,2019,39,201939,CaptureSite_17,0.0
2019-09-30,2019,40,201940,CaptureSite_17,0.0
2019-10-07,2019,41,201941,CaptureSite_17,0.0
2019-10-14,2019,42,201942,CaptureSite_17,0.0
2019-10-21,2019,43,201943,CaptureSite_17,0.0
2019-10-28,2019,44,201944,CaptureSite_17,0.0
2019-01-01,2019,1,201901,CaptureSite_18,0.0
2019-01-07,2019,2,201902,CaptureSite_18,0.0
2019-01-14,2019,3,201903,CaptureSite_18,0.0
2019-01-21,2019,4,201904,CaptureSite_18,0.0
2019-01-28,2019,5,201905,CaptureSite_18,0.0
2019-02-04,2019,6,201906,CaptureSite_18,0.0
2019-02-11,2019,7,201907,CaptureSite_18,0.0
2019-02-18,2019,8,201908,CaptureSite_18,0.0
2019-02-25,2019,9,201909,CaptureSite_18,0.0
2019-03-04,2019,10,201910,CaptureSite_18,0.0
2019-03-11,2019,11,201911,CaptureSite_18,0.0
2019-03-18,2019,12,201912,CaptureSite_18,0.0
2019-03-25,2019,13,201913,CaptureSite_18,0.0
2019-04-01,2019,14,201914,CaptureSite_18,0.0
2019-04-08,2019,15,201915,CaptureSite_18,0.0
2019-04-15,2019,16,201916,CaptureSite_18,0.0
2019-04-22,2019,17,201917,CaptureSite_18,0.0
2019-04-29,2019,18,201918,CaptureSite_18,0.0
2019-05-06,2019,19,201919,CaptureSite_18,0.0
2019-05-13,2019,20,201920,CaptureSite_18,0.0
2019-05-20,2019,21,201921,CaptureSite_18,0.0
2019-05-27,2019,22,201922,CaptureSite_18,0.0
2019-06-03,2019,23,201923,CaptureSite_18,0.0
2019-06-10,2019,24,201924,CaptureSite_18,0.0
2019-06-17,2019,25,201925,CaptureSite_18,0.0
2019-06-24,2019,26,201926,CaptureSite_18,0.0
2019-07-01,2019,27,201927,CaptureSite_18,0.0
2019-07-08,2019,28,201928,CaptureSite_18,0.0
2019-07-15,2019,29,201929,CaptureSite_18,0.0
2019-07-22,2019,30,201930,CaptureSite_18,0.0
2019-07-29,2019,31,201931,CaptureSite_18,0.0
2019-08-05,2019,32,201932,CaptureSite_18,0.0
2019-08-12,2019,33,201933,CaptureSite_18,0.0
2019-08-19,2019,34,201934,CaptureSite_18,0.0
2019-08-26,2019,35,201935,CaptureSite_18,0.0
2019-09-02,2019,36,201936,CaptureSite_18,0.0
2019-09-09,2019,37,201937,CaptureSite_18,0.0
2019-09-16,2019,38,201938,CaptureSite_18,0.0
2019-09-23,2019,39,201939,CaptureSite_18,0.0
2019-09-30,2019,40,201940,CaptureSite_18,0.0
2019-10-07,2019,41,201941,CaptureSite_18,0.0
2019-10-14,2019,42,201942,CaptureSite_18,0.0
2019-10-21,2019,43,201943,CaptureSite_18,0.0
2019-10-28,2019,44,201944,CaptureSite_18,0.0
2019-01-01,2019,1,201901,CaptureSite_19,0.0
2019-01-07,2019,2,201902,CaptureSite_19,0.0
2019-01-14,2019,3,201903,CaptureSite_19,0.0
2019-01-21,2019,4,201904,CaptureSite_19,0.0
2019-01-28,2019,5,201905,CaptureSite_19,0.0
2019-02-04,2019,6,201906,CaptureSite_19,0.0
2019-02-11,2019,7,201907,CaptureSite_19,0.0
2019-02-18,2019,8,201908,CaptureSite_19,0.0
2019-02-25,2019,9,201909,CaptureSite_19,0.0
2019-03-04,2019,10,201910,CaptureSite_19,0.0
2019-03-11,2019,11,201911,CaptureSite_19,0.0
2019-03-18,2019,12,201912,CaptureSite_19,0.0
2019-03-25,2019,13,201913,CaptureSite_19,0.0
2019-04-01,2019,14,201914,CaptureSite_19,0.0
2019-04-08,2019,15,201915,CaptureSite_19,0.0
2019-04-15,2019,16,201916,CaptureSite_19,0.0
2019-04-22,2019,17,201917,CaptureSite_19,0.0
2019-04-29,2019,18,201918,CaptureSite_19,0.0
2019-05-06,2019,19,201919,CaptureSite_19,0.0
2019-05-13,2019,20,201920,CaptureSite_19,0.0
2019-05-20,2019,21,201921,CaptureSite_19,0.0
2019-05-27,2019,22,201922,CaptureSite_19,0.0
2019-06-03,2019,23,201923,CaptureSite_19,0.0
2019-06-10,2019,24,201924,CaptureSite_19,0.0
2019-06-17,2019,25,201925,CaptureSite_19,0.0
2019-06-24,2019,26,201926,CaptureSite_19,0.0
2019-07-01,2019,27,201927,CaptureSite_19,0.0
2019-07-08,2019,28,201928,CaptureSite_19,0.0
2019-07-15,2019,29,201929,CaptureSite_19,0.0
2019-07-22,2019,30,201930,CaptureSite_19,0.0
2019-07-29,2019,31,201931,CaptureSite_19,0.0
2019-08-05,2019,32,201932,CaptureSite_19,0.0
2019-08-12,2019,33,201933,CaptureSite_19,0.0
2019-08-19,2019,34,201934,CaptureSite_19,0.0
2019-08-26,2019,35,201935,CaptureSite_19,0.0
2019-09-02,2019,36,201936,CaptureSite_19,0.0
2019-09-09,2019,37,201937,CaptureSite_19,0.0
2019-09-16,2019,38,201938,CaptureSite_19,0.0
2019-09-23,2019,39,201939,CaptureSite_19,0.0
2019-09-30,2019,40,201940,CaptureSite_19,0.0
2019-10-07,2019,41,201941,CaptureSite_19,0.0
2019-10-14,2019,42,201942,CaptureSite_19,0.0
2019-10-21,2019,43,201943,CaptureSite_19,0.0
2019-10-28,2019,44,201944,CaptureSite_19,0.0
2019-01-01,2019,1,201901,CaptureSite_2,0.0
2019-01-07,2019,2,201902,CaptureSite_2,0.0
2019-01-14,2019,3,201903,CaptureSite_2,0.0
2019-01-21,2019,4,201904,CaptureSite_2,0.0
2019-01-28,2019,5,201905,CaptureSite_2,0.0
2019-02-04,2019,6,201906,CaptureSite_2,0.0
2019-02-11,2019,7,201907,CaptureSite_2,0.0
2019-02-18,2019,8,201908,CaptureSite_2,0.0
2019-02-25,2019,9,201909,CaptureSite_2,0.0
2019-03-04,2019,10,201910,CaptureSite_2,0.0
2019-03-11,2019,11,201911,CaptureSite_2,0.0
2019-03-18,2019,12,201912,CaptureSite_2,0.0
2019-03-25,2019,13,201913,CaptureSite_2,0.0
2019-04-01,2019,14,201914,CaptureSite_2,0.0
2019-04-08,2019,15,201915,CaptureSite_2,0.0
2019-04-15,2019,16,201916,CaptureSite_2,0.0
2019-04-22,2019,17,201917,CaptureSite_2,0.0
2019-04-29,2019,18,201918,CaptureSite_2,0.0
2019-05-06,2019,19,201919,CaptureSite_2,0.0
2019-05-13,2019,20,201920,CaptureSite_2,0.0
2019-05-20,2019,21,201921,CaptureSite_2,0.0
2019-05-27,2019,22,201922,CaptureSite_2,0.0
2019-06-03,2019,23,201923,CaptureSite_2,0.0
2019-06-10,2019,24,201924,CaptureSite_2,0.0
2019-06-17,2019,25,201925,CaptureSite_2,0.0
2019-06-24,2019,26,201926,CaptureSite_2,0.0
2019-07-01,2019,27,201927,CaptureSite_2,0.0
2019-07-08,2019,28,201928,CaptureSite_2,0.0
2019-07-15,2019,29,201929,CaptureSite_2,0.0
2019-07-22,2019,30,201930,CaptureSite_2,0.0
2019-07-29,2019,31,201931,CaptureSite_2,0.0
2019-08-05,2019,32,201932,CaptureSite_2,0.0
2019-08-12,2019,33,201933,CaptureSite_2,0.0
2019-08-19,2019,34,201934,CaptureSite_2,0.0
2019-08-26,2019,35,201935,CaptureSite_2,0.0
2019-09-02,2019,36,201936,CaptureSite_2,0.0
2019-09-09,2019,37,201937,CaptureSite_2,0.0
2019-09-16,2019,38,201938,CaptureSite_2,0.0
2019-09-23,2019,39,201939,CaptureSite_2,0.0
2019-09-30,2019,40,201940,CaptureSite_2,0.0
2019-10-07,2019,41,201941,CaptureSite_2,0.0
2019-10-14,2019,42,201942,CaptureSite_2,0.0
2019-10-21,2019,43,201943,CaptureSite_2,0.0
2019-10-28,2019,44,201944,CaptureSite_2,0.0
2019-01-01,2019,1,201901,CaptureSite_20,0.0
2019-01-07,2019,2,201902,CaptureSite_20,0.0
2019-01-14,2019,3,201903,CaptureSite_20,0.0
2019-01-21,2019,4,201904,CaptureSite_20,0.0
2019-01-28,2019,5,201905,CaptureSite_20,0.0
2019-02-04,2019,6,201906,CaptureSite_20,0.0
2019-02-11,2019,7,201907,CaptureSite_20,0.0
2019-02-18,2019,8,201908,CaptureSite_20,0.0
2019-02-25,2019,9,201909,CaptureSite_20,0.0
2019-03-04,2019,10,201910,CaptureSite_20,0.0
2019-03-11,2019,11,201911,CaptureSite_20,0.0
2019-03-18,2019,12,201912,CaptureSite_20,0.0
2019-03-25,2019,13,201913,CaptureSite_20,0.0
2019-04-01,2019,14,201914,CaptureSite_20,0.0
2019-04-08,2019,15,201915,CaptureSite_20,0.0
2019-04-15,2019,16,201916,CaptureSite_20,0.0
2019-04-22,2019,17,201917,CaptureSite_20,0.0
2019-04-29,2019,18,201918,CaptureSite_20,0.0
2019-05-06,2019,19,201919,CaptureSite_20,0.0
2019-05-13,2019,20,201920,CaptureSite_20,0.0
2019-05-20,2019,21,201921,CaptureSite_20,0.0
2019-05-27,2019,22,201922,CaptureSite_20,0.0
2019-06-03,2019,23,201923,CaptureSite_20,0.0
2019-06-10,2019,24,201924,CaptureSite_20,0.0
2019-06-17,2019,25,201925,CaptureSite_20,0.0
2019-06-24,2019,26,201926,CaptureSite_20,0.0
2019-07-01,2019,27,201927,CaptureSite_20,0.0
2019-07-08,2019,28,201928,CaptureSite_20,0.0
2019-07-15,2019,29,201929,CaptureSite_20,0.0
2019-07-22,2019,30,201930,CaptureSite_20,0.0
2019-07-29,2019,31,201931,CaptureSite_20,0.0
2019-08-05,2019,32,201932,CaptureSite_20,0.0
2019-08-12,2019,33,201933,CaptureSite_20,0.0
2019-08-19,2019,34,201934,CaptureSite_20,0.0
2019-08-26,2019,35,201935,CaptureSite_20,0.0
2019-09-02,2019,36,201936,CaptureSite_20,0.0
2019-09-09,2019,37,201937,CaptureSite_20,0.0
2019-09-16,2019,38,201938,CaptureSite_20,0.0
2019-09-23,2019,39,201939,CaptureSite_20,0.0
2019-09-30,2019,40,201940,CaptureSite_20,0.0
2019-10-07,2019,41,201941,CaptureSite_20,0.0
2019-10-14,2019,42,201942,CaptureSite_20,0.0
2019-10-21,2019,43,201943,CaptureSite_20,0.0
2019-10-28,2019,44,201944,CaptureSite_20,0.0
2019-01-01,2019,1,201901,CaptureSite_21,0.0
2019-01-07,2019,2,201902,CaptureSite_21,0.0
2019-01-14,2019,3,201903,CaptureSite_21,0.0
2019-01-21,2019,4,201904,CaptureSite_21,0.0
2019-01-28,2019,5,201905,CaptureSite_21,0.0
2019-02-04,2019,6,201906,CaptureSite_21,0.0
2019-02-11,2019,7,201907,CaptureSite_21,0.0
2019-02-18,2019,8,201908,CaptureSite_21,0.0
2019-02-25,2019,9,201909,CaptureSite_21,0.0
2019-03-04,2019,10,201910,CaptureSite_21,0.0
2019-03-11,2019,11,201911,CaptureSite_21,0.0
2019-03-18,2019,12,201912,CaptureSite_21,0.0
2019-03-25,2019,13,201913,CaptureSite_21,0.0
2019-04-01,2019,14,201914,CaptureSite_21,0.0
2019-04-08,2019,15,201915,CaptureSite_21,0.0
2019-04-15,2019,16,201916,CaptureSite_21,0.0
2019-04-22,2019,17,201917,CaptureSite_21,0.0
2019-04-29,2019,18,201918,CaptureSite_21,0.0
2019-05-06,2019,19,201919,CaptureSite_21,0.0
2019-05-13,2019,20,201920,CaptureSite_21,0.0
2019-05-20,2019,21,201921,CaptureSite_21,0.0
2019-05-27,2019,22,201922,CaptureSite_21,0.0
2019-06-03,2019,23,201923,CaptureSite_21,0.0
2019-06-10,2019,24,201924,CaptureSite_21,0.0
2019-06-17,2019,25,201925,CaptureSite_21,0.0
2019-06-24,2019,26,201926,CaptureSite_21,0.0
2019-07-01,2019,27,201927,CaptureSite_21,0.0
2019-07-08,2019,28,201928,CaptureSite_21,0.0
2019-07-15,2019,29,201929,CaptureSite_21,0.0
2019-07-22,2019,30,201930,CaptureSite_21,0.0
2019-07-29,2019,31,201931,CaptureSite_21,0.0
2019-08-05,2019,32,201932,CaptureSite_21,0.0
2019-08-12,2019,33,201933,CaptureSite_21,0.0
2019-08-19,2019,34,201934,CaptureSite_21,0.0
2019-08-26,2019,35,201935,CaptureSite_21,0.0
2019-09-02,2019,36,201936,CaptureSite_21,0.0
2019-09-09,2019,37,201937,CaptureSite_21,0.0
2019-09-16,2019,38,201938,CaptureSite_21,0.0
2019-09-23,2019,39,201939,CaptureSite_21,0.0
2019-09-30,2019,40,201940,CaptureSite_21,0.0
2019-10-07,2019,41,201941,CaptureSite_21,0.0
2019-10-14,2019,42,201942,CaptureSite_21,0.0
2019-10-21,2019,43,201943,CaptureSite_21,0.0
2019-10-28,2019,44,201944,CaptureSite_21,0.0
2019-01-01,2019,1,201901,CaptureSite_22,0.0
2019-01-07,2019,2,201902,CaptureSite_22,0.0
2019-01-14,2019,3,201903,CaptureSite_22,0.0
2019-01-21,2019,4,201904,CaptureSite_22,0.0
2019-01-28,2019,5,201905,CaptureSite_22,0.0
2019-02-04,2019,6,201906,CaptureSite_22,0.0
2019-02-11,2019,7,201907,CaptureSite_22,0.0
2019-02-18,2019,8,201908,CaptureSite_22,0.0
2019-02-25,2019,9,201909,CaptureSite_22,0.0
2019-03-04,2019,10,201910,CaptureSite_22,0.0
2019-03-11,2019,11,201911,CaptureSite_22,0.0
2019-03-18,2019,12,201912,CaptureSite_22,0.0
2019-03-25,2019,13,201913,CaptureSite_22,0.0
2019-04-01,2019,14,201914,CaptureSite_22,0.0
2019-04-08,2019,15,201915,CaptureSite_22,0.0
2019-04-15,2019,16,201916,CaptureSite_22,0.0
2019-04-22,2019,17,201917,CaptureSite_22,0.0
2019-04-29,2019,18,201918,CaptureSite_22,0.0
2019-05-06,2019,19,201919,CaptureSite_22,0.0
2019-05-13,2019,20,201920,CaptureSite_22,0.0
2019-05-20,2019,21,201921,CaptureSite_22,0.0
2019-05-27,2019,22,201922,CaptureSite_22,0.0
2019-06-03,2019,23,201923,CaptureSite_22,0.0
2019-06-10,2019,24,201924,CaptureSite_22,0.0
2019-06-17,2019,25,201925,CaptureSite_22,0.0
2019-06-24,2019,26,201926,CaptureSite_22,0.0
2019-07-01,2019,27,201927,CaptureSite_22,0.0
2019-07-08,2019,28,201928,CaptureSite_22,0.0
2019-07-15,2019,29,201929,CaptureSite_22,0.0
2019-07-22,2019,30,201930,CaptureSite_22,0.0
2019-07-29,2019,31,201931,CaptureSite_22,0.0
2019-08-05,2019,32,201932,CaptureSite_22,0.0
2019-08-12,2019,33,201933,CaptureSite_22,0.0
2019-08-19,2019,34,201934,CaptureSite_22,0.0
2019-08-26,2019,35,201935,CaptureSite_22,0.0
2019-09-02,2019,36,201936,CaptureSite_22,0.0
2019-09-09,2019,37,201937,CaptureSite_22,0.0
2019-09-16,2019,38,201938,CaptureSite_22,0.0
2019-09-23,2019,39,201939,CaptureSite_22,0.0
2019-09-30,2019,40,201940,CaptureSite_22,0.0
2019-10-07,2019,41,201941,CaptureSite_22,0.0
2019-10-14,2019,42,201942,CaptureSite_22,0.0
2019-10-21,2019,43,201943,CaptureSite_22,0.0
2019-10-28,2019,44,201944,CaptureSite_22,0.0
2019-01-01,2019,1,201901,CaptureSite_23,0.0
2019-01-07,2019,2,201902,CaptureSite_23,0.0
2019-01-14,2019,3,201903,CaptureSite_23,0.0
2019-01-21,2019,4,201904,CaptureSite_23,0.0
2019-01-28,2019,5,201905,CaptureSite_23,0.0
2019-02-04,2019,6,201906,CaptureSite_23,0.0
2019-02-11,2019,7,201907,CaptureSite_23,0.0
2019-02-18,2019,8,201908,CaptureSite_23,0.0
2019-02-25,2019,9,201909,CaptureSite_23,0.0
2019-03-04,2019,10,201910,CaptureSite_23,0.0
2019-03-11,2019,11,201911,CaptureSite_23,0.0
2019-03-18,2019,12,201912,CaptureSite_23,0.0
2019-03-25,2019,13,201913,CaptureSite_23,0.0
2019-04-01,2019,14,201914,CaptureSite_23,0.0
2019-04-08,2019,15,201915,CaptureSite_23,0.0
2019-04-15,2019,16,201916,CaptureSite_23,0.0
2019-04-22,2019,17,201917,CaptureSite_23,0.0
2019-04-29,2019,18,201918,CaptureSite_23,0.0
2019-05-06,2019,19,201919,CaptureSite_23,0.0
2019-05-13,2019,20,201920,CaptureSite_23,0.0
2019-05-20,2019,21,201921,CaptureSite_23,0.0
2019-05-27,2019,22,201922,CaptureSite_23,0.0
2019-06-03,2019,23,201923,CaptureSite_23,0.0
2019-06-10,2019,24,201924,CaptureSite_23,0.0
2019-06-17,2019,25,201925,CaptureSite_23,0.0
2019-06-24,2019,26,201926,CaptureSite_23,0.0
2019-07-01,2019,27,201927,CaptureSite_23,0.0
2019-07-08,2019,28,201928,CaptureSite_23,0.0
2019-07-15,2019,29,201929,CaptureSite_23,0.0
2019-07-22,2019,30,201930,CaptureSite_23,0.0
2019-07-29,2019,31,201931,CaptureSite_23,0.0
2019-08-05,2019,32,201932,CaptureSite_23,0.0
2019-08-12,2019,33,201933,CaptureSite_23,0.0
2019-08-19,2019,34,201934,CaptureSite_23,0.0
2019-08-26,2019,35,201935,CaptureSite_23,0.0
2019-09-02,2019,36,201936,CaptureSite_23,0.0
2019-09-09,2019,37,201937,CaptureSite_23,0.0
2019-09-16,2019,38,201938,CaptureSite_23,0.0
2019-09-23,2019,39,201939,CaptureSite_23,0.0
2019-09-30,2019,40,201940,CaptureSite_23,0.0
2019-10-07,2019,41,201941,CaptureSite_23,0.0
2019-10-14,2019,42,201942,CaptureSite_23,0.0
2019-10-21,2019,43,201943,CaptureSite_23,0.0
2019-10-28,2019,44,201944,CaptureSite_23,0.0
2019-01-01,2019,1,201901,CaptureSite_24,0.0
2019-01-07,2019,2,201902,CaptureSite_24,0.0
2019-01-14,2019,3,201903,CaptureSite_24,0.0
2019-01-21,2019,4,201904,CaptureSite_24,0.0
2019-01-28,2019,5,201905,CaptureSite_24,0.0
2019-02-04,2019,6,201906,CaptureSite_24,0.0
2019-02-11,2019,7,201907,CaptureSite_24,0.0
2019-02-18,2019,8,201908,CaptureSite_24,0.0
2019-02-25,2019,9,201909,CaptureSite_24,0.0
2019-03-04,2019,10,201910,CaptureSite_24,0.0
2019-03-11,2019,11,201911,CaptureSite_24,0.0
2019-03-18,2019,12,201912,CaptureSite_24,0.0
2019-03-25,2019,13,201913,CaptureSite_24,0.0
2019-04-01,2019,14,201914,CaptureSite_24,0.0
2019-04-08,2019,15,201915,CaptureSite_24,0.0
2019-04-15,2019,16,201916,CaptureSite_24,0.0
2019-04-22,2019,17,201917,CaptureSite_24,0.0
2019-04-29,2019,18,201918,CaptureSite_24,0.0
2019-05-06,2019,19,201919,CaptureSite_24,0.0
2019-05-13,2019,20,201920,CaptureSite_24,0.0
2019-05-20,2019,21,201921,CaptureSite_24,0.0
2019-05-27,2019,22,201922,CaptureSite_24,0.0
2019-06-03,2019,23,201923,CaptureSite_24,0.0
2019-06-10,2019,24,201924,CaptureSite_24,0.0
2019-06-17,2019,25,201925,CaptureSite_24,0.0
2019-06-24,2019,26,201926,CaptureSite_24,0.0
2019-07-01,2019,27,201927,CaptureSite_24,0.0
2019-07-08,2019,28,201928,CaptureSite_24,0.0
2019-07-15,2019,29,201929,CaptureSite_24,0.0
2019-07-22,2019,30,201930,CaptureSite_24,0.0
2019-07-29,2019,31,201931,CaptureSite_24,0.0
2019-08-05,2019,32,201932,CaptureSite_24,0.0
2019-08-12,2019,33,201933,CaptureSite_24,0.0
2019-08-19,2019,34,201934,CaptureSite_24,0.0
2019-08-26,2019,35,201935,CaptureSite_24,0.0
2019-09-02,2019,36,201936,CaptureSite_24,0.0
2019-09-09,2019,37,201937,CaptureSite_24,0.0
2019-09-16,2019,38,201938,CaptureSite_24,0.0
2019-09-23,2019,39,201939,CaptureSite_24,0.0
2019-09-30,2019,40,201940,CaptureSite_24,0.0
2019-10-07,2019,41,201941,CaptureSite_24,0.0
2019-10-14,2019,42,201942,CaptureSite_24,0.0
2019-10-21,2019,43,201943,CaptureSite_24,0.0
2019-10-28,2019,44,201944,CaptureSite_24,0.0
2019-01-01,2019,1,201901,CaptureSite_25,0.0
2019-01-07,2019,2,201902,CaptureSite_25,0.0
2019-01-14,2019,3,201903,CaptureSite_25,0.0
2019-01-21,2019,4,201904,CaptureSite_25,0.0
2019-01-28,2019,5,201905,CaptureSite_25,0.0
2019-02-04,2019,6,201906,CaptureSite_25,0.0
2019-02-11,2019,7,201907,CaptureSite_25,0.0
2019-02-18,2019,8,201908,CaptureSite_25,0.0
2019-02-25,2019,9,201909,CaptureSite_25,0.0
2019-03-04,2019,10,201910,CaptureSite_25,0.0
2019-03-11,2019,11,201911,CaptureSite_25,0.0
2019-03-18,2019,12,201912,CaptureSite_25,0.0
2019-03-25,2019,13,201913,CaptureSite_25,0.0
2019-04-01,2019,14,201914,CaptureSite_25,0.0
2019-04-08,2019,15,201915,CaptureSite_25,0.0
2019-04-15,2019,16,201916,CaptureSite_25,0.0
2019-04-22,2019,17,201917,CaptureSite_25,0.0
2019-04-29,2019,18,201918,CaptureSite_25,0.0
2019-05-06,2019,19,201919,CaptureSite_25,0.0
2019-05-13,2019,20,201920,CaptureSite_25,0.0
2019-05-20,2019,21,201921,CaptureSite_25,0.0
2019-05-27,2019,22,201922,CaptureSite_25,0.0
2019-06-03,2019,23,201923,CaptureSite_25,0.0
2019-06-10,2019,24,201924,CaptureSite_25,0.0
2019-06-17,2019,25,201925,CaptureSite_25,0.0
2019-06-24,2019,26,201926,CaptureSite_25,0.0
2019-07-01,2019,27,201927,CaptureSite_25,0.0
2019-07-08,2019,28,201928,CaptureSite_25,0.0
2019-07-15,2019,29,201929,CaptureSite_25,0.0
2019-07-22,2019,30,201930,CaptureSite_25,0.0
2019-07-29,2019,31,201931,CaptureSite_25,0.0
2019-08-05,2019,32,201932,CaptureSite_25,0.0
2019-08-12,2019,33,201933,CaptureSite_25,0.0
2019-08-19,2019,34,201934,CaptureSite_25,0.0
2019-08-26,2019,35,201935,CaptureSite_25,0.0
2019-09-02,2019,36,201936,CaptureSite_25,0.0
2019-09-09,2019,37,201937,CaptureSite_25,0.0
2019-09-16,2019,38,201938,CaptureSite_25,0.0
2019-09-23,2019,39,201939,CaptureSite_25,0.0
2019-09-30,2019,40,201940,CaptureSite_25,0.0
2019-10-07,2019,41,201941,CaptureSite_25,0.0
2019-10-14,2019,42,201942,CaptureSite_25,0.0
2019-10-21,2019,43,201943,CaptureSite_25,0.0
2019-10-28,2019,44,201944,CaptureSite_25,0.0
2019-01-01,2019,1,201901,CaptureSite_26,0.0
2019-01-07,2019,2,201902,CaptureSite_26,0.0
2019-01-14,2019,3,201903,CaptureSite_26,0.0
2019-01-21,2019,4,201904,CaptureSite_26,0.0
2019-01-28,2019,5,201905,CaptureSite_26,0.0
2019-02-04,2019,6,201906,CaptureSite_26,0.0
2019-02-11,2019,7,201907,CaptureSite_26,0.0
2019-02-18,2019,8,201908,CaptureSite_26,0.0
2019-02-25,2019,9,201909,CaptureSite_26,0.0
2019-03-04,2019,10,201910,CaptureSite_26,0.0
2019-03-11,2019,11,201911,CaptureSite_26,0.0
2019-03-18,2019,12,201912,CaptureSite_26,0.0
2019-03-25,2019,13,201913,CaptureSite_26,0.0
2019-04-01,2019,14,201914,CaptureSite_26,0.0
2019-04-08,2019,15,201915,CaptureSite_26,0.0
2019-04-15,2019,16,201916,CaptureSite_26,0.0
2019-04-22,2019,17,201917,CaptureSite_26,0.0
2019-04-29,2019,18,201918,CaptureSite_26,0.0
2019-05-06,2019,19,201919,CaptureSite_26,0.0
2019-05-13,2019,20,201920,CaptureSite_26,0.0
2019-05-20,2019,21,201921,CaptureSite_26,0.0
2019-05-27,2019,22,201922,CaptureSite_26,0.0
2019-06-03,2019,23,201923,CaptureSite_26,0.0
2019-06-10,2019,24,201924,CaptureSite_26,0.0
2019-06-17,2019,25,201925,CaptureSite_26,0.0
2019-06-24,2019,26,201926,CaptureSite_26,0.0
2019-07-01,2019,27,201927,CaptureSite_26,0.0
2019-07-08,2019,28,201928,CaptureSite_26,0.0
2019-07-15,2019,29,201929,CaptureSite_26,0.0
2019-07-22,2019,30,201930,CaptureSite_26,0.0
2019-07-29,2019,31,201931,CaptureSite_26,0.0
2019-08-05,2019,32,201932,CaptureSite_26,0.0
2019-08-12,2019,33,201933,CaptureSite_26,0.0
2019-08-19,2019,34,201934,CaptureSite_26,0.0
2019-08-26,2019,35,201935,CaptureSite_26,0.0
2019-09-02,2019,36,201936,CaptureSite_26,0.0
2019-09-09,2019,37,201937,CaptureSite_26,0.0
2019-09-16,2019,38,201938,CaptureSite_26,0.0
2019-09-23,2019,39,201939,CaptureSite_26,0.0
2019-09-30,2019,40,201940,CaptureSite_26,0.0
2019-10-07,2019,41,201941,CaptureSite_26,0.0
2019-10-14,2019,42,201942,CaptureSite_26,0.0
2019-10-21,2019,43,201943,CaptureSite_26,0.0
2019-10-28,2019,44,201944,CaptureSite_26,0.0
2019-01-01,2019,1,201901,CaptureSite_27,0.0
2019-01-07,2019,2,201902,CaptureSite_27,0.0
2019-01-14,2019,3,201903,CaptureSite_27,0.0
2019-01-21,2019,4,201904,CaptureSite_27,0.0
2019-01-28,2019,5,201905,CaptureSite_27,0.0
2019-02-04,2019,6,201906,CaptureSite_27,0.0
2019-02-11,2019,7,201907,CaptureSite_27,0.0
2019-02-18,2019,8,201908,CaptureSite_27,0.0
2019-02-25,2019,9,201909,CaptureSite_27,0.0
2019-03-04,2019,10,201910,CaptureSite_27,0.0
2019-03-11,2019,11,201911,CaptureSite_27,0.0
2019-03-18,2019,12,201912,CaptureSite_27,0.0
2019-03-25,2019,13,201913,CaptureSite_27,0.0
2019-04-01,2019,14,201914,CaptureSite_27,0.0
2019-04-08,2019,15,201915,CaptureSite_27,0.0
2019-04-15,2019,16,201916,CaptureSite_27,0.0
2019-04-22,2019,17,201917,CaptureSite_27,0.0
2019-04-29,2019,18,201918,CaptureSite_27,0.0
2019-05-06,2019,19,201919,CaptureSite_27,0.0
2019-05-13,2019,20,201920,CaptureSite_27,0.0
2019-05-20,2019,21,201921,CaptureSite_27,0.0
2019-05-27,2019,22,201922,CaptureSite_27,0.0
2019-06-03,2019,23,201923,CaptureSite_27,0.0
2019-06-10,2019,24,201924,CaptureSite_27,0.0
2019-06-17,2019,25,201925,CaptureSite_27,0.0
2019-06-24,2019,26,201926,CaptureSite_27,0.0
2019-07-01,2019,27,201927,CaptureSite_27,0.0
2019-07-08,2019,28,201928,CaptureSite_27,0.0
2019-07-15,2019,29,201929,CaptureSite_27,0.0
2019-07-22,2019,30,201930,CaptureSite_27,0.0
2019-07-29,2019,31,201931,CaptureSite_27,0.0
2019-08-05,2019,32,201932,CaptureSite_27,0.0
2019-08-12,2019,33,201933,CaptureSite_27,0.0
2019-08-19,2019,34,201934,CaptureSite_27,0.0
2019-08-26,2019,35,201935,CaptureSite_27,0.0
2019-09-02,2019,36,201936,CaptureSite_27,0.0
2019-09-09,2019,37,201937,CaptureSite_27,0.0
2019-09-16,2019,38,201938,CaptureSite_27,0.0
2019-09-23,2019,39,201939,CaptureSite_27,0.0
2019-09-30,2019,40,201940,CaptureSite_27,0.0
2019-10-07,2019,41,201941,CaptureSite_27,0.0
2019-10-14,2019,42,201942,CaptureSite_27,0.0
2019-10-21,2019,43,201943,CaptureSite_27,0.0
2019-10-28,2019,44,201944,CaptureSite_27,0.0
2019-01-01,2019,1,201901,CaptureSite_28,0.0
2019-01-07,2019,2,201902,CaptureSite_28,0.0
2019-01-14,2019,3,201903,CaptureSite_28,0.0
2019-01-21,2019,4,201904,CaptureSite_28,0.0
2019-01-28,2019,5,201905,CaptureSite_28,0.0
2019-02-04,2019,6,201906,CaptureSite_28,0.0
2019-02-11,2019,7,201907,CaptureSite_28,0.0
2019-02-18,2019,8,201908,CaptureSite_28,0.0
2019-02-25,2019,9,201909,CaptureSite_28,0.0
2019-03-04,2019,10,201910,CaptureSite_28,0.0
2019-03-11,2019,11,201911,CaptureSite_28,0.0
2019-03-18,2019,12,201912,CaptureSite_28,0.0
2019-03-25,2019,13,201913,CaptureSite_28,0.0
2019-04-01,2019,14,201914,CaptureSite_28,0.0
2019-04-08,2019,15,201915,CaptureSite_28,0.0
2019-04-15,2019,16,201916,CaptureSite_28,0.0
2019-04-22,2019,17,201917,CaptureSite_28,0.0
2019-04-29,2019,18,201918,CaptureSite_28,0.0
2019-05-06,2019,19,201919,CaptureSite_28,0.0
2019-05-13,2019,20,201920,CaptureSite_28,0.0
2019-05-20,2019,21,201921,CaptureSite_28,0.0
2019-05-27,2019,22,201922,CaptureSite_28,0.0
2019-06-03,2019,23,201923,CaptureSite_28,0.0
2019-06-10,2019,24,201924,CaptureSite_28,0.0
2019-06-17,2019,25,201925,CaptureSite_28,0.0
2019-06-24,2019,26,201926,CaptureSite_28,0.0
2019-07-01,2019,27,201927,CaptureSite_28,0.0
2019-07-08,2019,28,201928,CaptureSite_28,0.0
2019-07-15,2019,29,201929,CaptureSite_28,0.0
2019-07-22,2019,30,201930,CaptureSite_28,0.0
2019-07-29,2019,31,201931,CaptureSite_28,0.0
2019-08-05,2019,32,201932,CaptureSite_28,0.0
2019-08-12,2019,33,201933,CaptureSite_28,0.0
2019-08-19,2019,34,201934,CaptureSite_28,0.0
2019-08-26,2019,35,201935,CaptureSite_28,0.0
2019-09-02,2019,36,201936,CaptureSite_28,0.0
2019-09-09,2019,37,201937,CaptureSite_28,0.0
2019-09-16,2019,38,201938,CaptureSite_28,0.0
2019-09-23,2019,39,201939,CaptureSite_28,0.0
2019-09-30,2019,40,201940,CaptureSite_28,0.0
2019-10-07,2019,41,201941,CaptureSite_28,0.0
2019-10-14,2019,42,201942,CaptureSite_28,0.0
2019-10-21,2019,43,201943,CaptureSite_28,0.0
2019-10-28,2019,44,201944,CaptureSite_28,0.0
2019-01-01,2019,1,201901,CaptureSite_3,0.0
2019-01-07,2019,2,201902,CaptureSite_3,0.0
2019-01-14,2019,3,201903,CaptureSite_3,0.0
2019-01-21,2019,4,201904,CaptureSite_3,0.0
2019-01-28,2019,5,201905,CaptureSite_3,0.0
2019-02-04,2019,6,201906,CaptureSite_3,0.0
2019-02-11,2019,7,201907,CaptureSite_3,0.0
2019-02-18,2019,8,201908,CaptureSite_3,0.0
2019-02-25,2019,9,201909,CaptureSite_3,0.0
2019-03-04,2019,10,201910,CaptureSite_3,0.0
2019-03-11,2019,11,201911,CaptureSite_3,0.0
2019-03-18,2019,12,201912,CaptureSite_3,0.0
2019-03-25,2019,13,201913,CaptureSite_3,0.0
2019-04-01,2019,14,201914,CaptureSite_3,0.0
2019-04-08,2019,15,201915,CaptureSite_3,0.0
2019-04-15,2019,16,201916,CaptureSite_3,0.0
2019-04-22,2019,17,201917,CaptureSite_3,0.0
2019-04-29,2019,18,201918,CaptureSite_3,0.0
2019-05-06,2019,19,201919,CaptureSite_3,0.0
2019-05-13,2019,20,201920,CaptureSite_3,0.0
2019-05-20,2019,21,201921,CaptureSite_3,0.0
2019-05-27,2019,22,201922,CaptureSite_3,0.0
2019-06-03,2019,23,201923,CaptureSite_3,0.0
2019-06-10,2019,24,201924,CaptureSite_3,0.0
2019-06-17,2019,25,201925,CaptureSite_3,0.0
2019-06-24,2019,26,201926,CaptureSite_3,0.0
2019-07-01,2019,27,201927,CaptureSite_3,0.0
2019-07-08,2019,28,201928,CaptureSite_3,0.0
2019-07-15,2019,29,201929,CaptureSite_3,0.0
2019-07-22,2019,30,201930,CaptureSite_3,0.0
2019-07-29,2019,31,201931,CaptureSite_3,0.0
2019-08-05,2019,32,201932,CaptureSite_3,0.0
2019-08-12,2019,33,201933,CaptureSite_3,0.0
2019-08-19,2019,34,201934,CaptureSite_3,0.0
2019-08-26,2019,35,201935,CaptureSite_3,0.0
2019-09-02,2019,36,201936,CaptureSite_3,0.0
2019-09-09,2019,37,201937,CaptureSite_3,0.0
2019-09-16,2019,38,201938,CaptureSite_3,0.0
2019-09-23,2019,39,201939,CaptureSite_3,0.0
2019-09-30,2019,40,201940,CaptureSite_3,0.0
2019-10-07,2019,41,201941,CaptureSite_3,0.0
2019-10-14,2019,42,201942,CaptureSite_3,0.0
2019-10-21,2019,43,201943,CaptureSite_3,0.0
2019-10-28,2019,44,201944,CaptureSite_3,0.0
2019-01-01,2019,1,201901,CaptureSite_4,0.0
2019-01-07,2019,2,201902,CaptureSite_4,0.0
2019-01-14,2019,3,201903,CaptureSite_4,0.0
2019-01-21,2019,4,201904,CaptureSite_4,0.0
2019-01-28,2019,5,201905,CaptureSite_4,0.0
2019-02-04,2019,6,201906,CaptureSite_4,0.0
2019-02-11,2019,7,201907,CaptureSite_4,0.0
2019-02-18,2019,8,201908,CaptureSite_4,0.0
2019-02-25,2019,9,201909,CaptureSite_4,0.0
2019-03-04,2019,10,201910,CaptureSite_4,0.0
2019-03-11,2019,11,201911,CaptureSite_4,0.0
2019-03-18,2019,12,201912,CaptureSite_4,0.0
2019-03-25,2019,13,201913,CaptureSite_4,0.0
2019-04-01,2019,14,201914,CaptureSite_4,0.0
2019-04-08,2019,15,201915,CaptureSite_4,0.0
2019-04-15,2019,16,201916,CaptureSite_4,0.0
2019-04-22,2019,17,201917,CaptureSite_4,0.0
2019-04-29,2019,18,201918,CaptureSite_4,0.0
2019-05-06,2019,19,201919,CaptureSite_4,0.0
2019-05-13,2019,20,201920,CaptureSite_4,0.0
2019-05-20,2019,21,201921,CaptureSite_4,0.0
2019-05-27,2019,22,201922,CaptureSite_4,0.0
2019-06-03,2019,23,201923,CaptureSite_4,0.0
2019-06-10,2019,24,201924,CaptureSite_4,0.0
2019-06-17,2019,25,201925,CaptureSite_4,0.0
2019-06-24,2019,26,201926,CaptureSite_4,0.0
2019-07-01,2019,27,201927,CaptureSite_4,0.0
2019-07-08,2019,28,201928,CaptureSite_4,0.0
2019-07-15,2019,29,201929,CaptureSite_4,0.0
2019-07-22,2019,30,201930,CaptureSite_4,0.0
2019-07-29,2019,31,201931,CaptureSite_4,0.0
2019-08-05,2019,32,201932,CaptureSite_4,0.0
2019-08-12,2019,33,201933,CaptureSite_4,0.0
2019-08-19,2019,34,201934,CaptureSite_4,0.0
2019-08-26,2019,35,201935,CaptureSite_4,0.0
2019-09-02,2019,36,201936,CaptureSite_4,0.0
2019-09-09,2019,37,201937,CaptureSite_4,0.0
2019-09-16,2019,38,201938,CaptureSite_4,0.0
2019-09-23,2019,39,201939,CaptureSite_4,0.0
2019-09-30,2019,40,201940,CaptureSite_4,0.0
2019-10-07,2019,41,201941,CaptureSite_4,0.0
2019-10-14,2019,42,201942,CaptureSite_4,0.0
2019-10-21,2019,43,201943,CaptureSite_4,0.0
2019-10-28,2019,44,201944,CaptureSite_4,0.0
2019-01-01,2019,1,201901,CaptureSite_5,0.0
2019-01-07,2019,2,201902,CaptureSite_5,0.0
2019-01-14,2019,3,201903,CaptureSite_5,0.0
2019-01-21,2019,4,201904,CaptureSite_5,0.0
2019-01-28,2019,5,201905,CaptureSite_5,0.0
2019-02-04,2019,6,201906,CaptureSite_5,0.0
2019-02-11,2019,7,201907,CaptureSite_5,0.0
2019-02-18,2019,8,201908,CaptureSite_5,0.0
2019-02-25,2019,9,201909,CaptureSite_5,0.0
2019-03-04,2019,10,201910,CaptureSite_5,0.0
2019-03-11,2019,11,201911,CaptureSite_5,0.0
2019-03-18,2019,12,201912,CaptureSite_5,0.0
2019-03-25,2019,13,201913,CaptureSite_5,0.0
2019-04-01,2019,14,201914,CaptureSite_5,0.0
2019-04-08,2019,15,201915,CaptureSite_5,0.0
2019-04-15,2019,16,201916,CaptureSite_5,0.0
2019-04-22,2019,17,201917,CaptureSite_5,0.0
2019-04-29,2019,18,201918,CaptureSite_5,0.0
2019-05-06,2019,19,201919,CaptureSite_5,0.0
2019-05-13,2019,20,201920,CaptureSite_5,0.0
2019-05-20,2019,21,201921,CaptureSite_5,0.0
2019-05-27,2019,22,201922,CaptureSite_5,0.0
2019-06-03,2019,23,201923,CaptureSite_5,0.0
2019-06-10,2019,24,201924,CaptureSite_5,0.0
2019-06-17,2019,25,201925,CaptureSite_5,0.0
2019-06-24,2019,26,201926,CaptureSite_5,0.0
2019-07-01,2019,27,201927,CaptureSite_5,0.0
2019-07-08,2019,28,201928,CaptureSite_5,0.0
2019-07-15,2019,29,201929,CaptureSite_5,0.0
2019-07-22,2019,30,201930,CaptureSite_5,0.0
2019-07-29,2019,31,201931,CaptureSite_5,0.0
2019-08-05,2019,32,201932,CaptureSite_5,0.0
2019-08-12,2019,33,201933,CaptureSite_5,0.0
2019-08-19,2019,34,201934,CaptureSite_5,0.0
2019-08-26,2019,35,201935,CaptureSite_5,0.0
2019-09-02,2019,36,201936,CaptureSite_5,0.0
2019-09-09,2019,37,201937,CaptureSite_5,0.0
2019-09-16,2019,38,201938,CaptureSite_5,0.0
2019-09-23,2019,39,201939,CaptureSite_5,0.0
2019-09-30,2019,40,201940,CaptureSite_5,0.0
2019-10-07,2019,41,201941,CaptureSite_5,0.0
2019-10-14,2019,42,201942,CaptureSite_5,0.0
2019-10-21,2019,43,201943,CaptureSite_5,0.0
2019-10-28,2019,44,201944,CaptureSite_5,0.0
2019-01-01,2019,1,201901,CaptureSite_6,0.0
2019-01-07,2019,2,201902,CaptureSite_6,0.0
2019-01-14,2019,3,201903,CaptureSite_6,0.0
2019-01-21,2019,4,201904,CaptureSite_6,0.0
2019-01-28,2019,5,201905,CaptureSite_6,0.0
2019-02-04,2019,6,201906,CaptureSite_6,0.0
2019-02-11,2019,7,201907,CaptureSite_6,0.0
2019-02-18,2019,8,201908,CaptureSite_6,0.0
2019-02-25,2019,9,201909,CaptureSite_6,0.0
2019-03-04,2019,10,201910,CaptureSite_6,0.0
2019-03-11,2019,11,201911,CaptureSite_6,0.0
2019-03-18,2019,12,201912,CaptureSite_6,0.0
2019-03-25,2019,13,201913,CaptureSite_6,0.0
2019-04-01,2019,14,201914,CaptureSite_6,0.0
2019-04-08,2019,15,201915,CaptureSite_6,0.0
2019-04-15,2019,16,201916,CaptureSite_6,0.0
2019-04-22,2019,17,201917,CaptureSite_6,0.0
2019-04-29,2019,18,201918,CaptureSite_6,0.0
2019-05-06,2019,19,201919,CaptureSite_6,0.0
2019-05-13,2019,20,201920,CaptureSite_6,0.0
2019-05-20,2019,21,201921,CaptureSite_6,0.0
2019-05-27,2019,22,201922,CaptureSite_6,0.0
2019-06-03,2019,23,201923,CaptureSite_6,0.0
2019-06-10,2019,24,201924,CaptureSite_6,0.0
2019-06-17,2019,25,201925,CaptureSite_6,0.0
2019-06-24,2019,26,201926,CaptureSite_6,0.0
2019-07-01,2019,27,201927,CaptureSite_6,0.0
2019-07-08,2019,28,201928,CaptureSite_6,0.0
2019-07-15,2019,29,201929,CaptureSite_6,0.0
2019-07-22,2019,30,201930,CaptureSite_6,0.0
2019-07-29,2019,31,201931,CaptureSite_6,0.0
2019-08-05,2019,32,201932,CaptureSite_6,0.0
2019-08-12,2019,33,201933,CaptureSite_6,0.0
2019-08-19,2019,34,201934,CaptureSite_6,0.0
2019-08-26,2019,35,201935,CaptureSite_6,0.0
2019-09-02,2019,36,201936,CaptureSite_6,0.0
2019-09-09,2019,37,201937,CaptureSite_6,0.0
2019-09-16,2019,38,201938,CaptureSite_6,0.0
2019-09-23,2019,39,201939,CaptureSite_6,0.0
2019-09-30,2019,40,201940,CaptureSite_6,0.0
2019-10-07,2019,41,201941,CaptureSite_6,0.0
2019-10-14,2019,42,201942,CaptureSite_6,0.0
2019-10-21,2019,43,201943,CaptureSite_6,0.0
2019-10-28,2019,44,201944,CaptureSite_6,0.0
2019-01-01,2019,1,201901,CaptureSite_7,0.0
2019-01-07,2019,2,201902,CaptureSite_7,0.0
2019-01-14,2019,3,201903,CaptureSite_7,0.0
2019-01-21,2019,4,201904,CaptureSite_7,0.0
2019-01-28,2019,5,201905,CaptureSite_7,0.0
2019-02-04,2019,6,201906,CaptureSite_7,0.0
2019-02-11,2019,7,201907,CaptureSite_7,0.0
2019-02-18,2019,8,201908,CaptureSite_7,0.0
2019-02-25,2019,9,201909,CaptureSite_7,0.0
2019-03-04,2019,10,201910,CaptureSite_7,0.0
2019-03-11,2019,11,201911,CaptureSite_7,0.0
2019-03-18,2019,12,201912,CaptureSite_7,0.0
2019-03-25,2019,13,201913,CaptureSite_7,0.0
2019-04-01,2019,14,201914,CaptureSite_7,0.0
2019-04-08,2019,15,201915,CaptureSite_7,0.0
2019-04-15,2019,16,201916,CaptureSite_7,0.0
2019-04-22,2019,17,201917,CaptureSite_7,0.0
2019-04-29,2019,18,201918,CaptureSite_7,0.0
2019-05-06,2019,19,201919,CaptureSite_7,0.0
2019-05-13,2019,20,201920,CaptureSite_7,0.0
2019-05-20,2019,21,201921,CaptureSite_7,0.0
2019-05-27,2019,22,201922,CaptureSite_7,0.0
2019-06-03,2019,23,201923,CaptureSite_7,0.0
2019-06-10,2019,24,201924,CaptureSite_7,0.0
2019-06-17,2019,25,201925,CaptureSite_7,0.0
2019-06-24,2019,26,201926,CaptureSite_7,0.0
2019-07-01,2019,27,201927,CaptureSite_7,0.0
2019-07-08,2019,28,201928,CaptureSite_7,0.0
2019-07-15,2019,29,201929,CaptureSite_7,0.0
2019-07-22,2019,30,201930,CaptureSite_7,0.0
2019-07-29,2019,31,201931,CaptureSite_7,0.0
2019-08-05,2019,32,201932,CaptureSite_7,0.0
2019-08-12,2019,33,201933,CaptureSite_7,0.0
2019-08-19,2019,34,201934,CaptureSite_7,0.0
2019-08-26,2019,35,201935,CaptureSite_7,0.0
2019-09-02,2019,36,201936,CaptureSite_7,0.0
2019-09-09,2019,37,201937,CaptureSite_7,0.0
2019-09-16,2019,38,201938,CaptureSite_7,0.0
2019-09-23,2019,39,201939,CaptureSite_7,0.0
2019-09-30,2019,40,201940,CaptureSite_7,0.0
2019-10-07,2019,41,201941,CaptureSite_7,0.0
2019-10-14,2019,42,201942,CaptureSite_7,0.0
2019-10-21,2019,43,201943,CaptureSite_7,0.0
2019-10-28,2019,44,201944,CaptureSite_7,0.0
2019-01-01,2019,1,201901,CaptureSite_8,0.0
2019-01-07,2019,2,201902,CaptureSite_8,0.0
2019-01-14,2019,3,201903,CaptureSite_8,0.0
2019-01-21,2019,4,201904,CaptureSite_8,0.0
2019-01-28,2019,5,201905,CaptureSite_8,0.0
2019-02-04,2019,6,201906,CaptureSite_8,0.0
2019-02-11,2019,7,201907,CaptureSite_8,0.0
2019-02-18,2019,8,201908,CaptureSite_8,0.0
2019-02-25,2019,9,201909,CaptureSite_8,0.0
2019-03-04,2019,10,201910,CaptureSite_8,0.0
2019-03-11,2019,11,201911,CaptureSite_8,0.0
2019-03-18,2019,12,201912,CaptureSite_8,0.0
2019-03-25,2019,13,201913,CaptureSite_8,0.0
2019-04-01,2019,14,201914,CaptureSite_8,0.0
2019-04-08,2019,15,201915,CaptureSite_8,0.0
2019-04-15,2019,16,201916,CaptureSite_8,0.0
2019-04-22,2019,17,201917,CaptureSite_8,0.0
2019-04-29,2019,18,201918,CaptureSite_8,0.0
2019-05-06,2019,19,201919,CaptureSite_8,0.0
2019-05-13,2019,20,201920,CaptureSite_8,0.0
2019-05-20,2019,21,201921,CaptureSite_8,0.0
2019-05-27,2019,22,201922,CaptureSite_8,0.0
2019-06-03,2019,23,201923,CaptureSite_8,0.0
2019-06-10,2019,24,201924,CaptureSite_8,0.0
2019-06-17,2019,25,201925,CaptureSite_8,0.0
2019-06-24,2019,26,201926,CaptureSite_8,0.0
2019-07-01,2019,27,201927,CaptureSite_8,0.0
2019-07-08,2019,28,201928,CaptureSite_8,0.0
2019-07-15,2019,29,201929,CaptureSite_8,0.0
2019-07-22,2019,30,201930,CaptureSite_8,0.0
2019-07-29,2019,31,201931,CaptureSite_8,0.0
2019-08-05,2019,32,201932,CaptureSite_8,0.0
2019-08-12,2019,33,201933,CaptureSite_8,0.0
2019-08-19,2019,34,201934,CaptureSite_8,0.0
2019-08-26,2019,35,201935,CaptureSite_8,0.0
2019-09-02,2019,36,201936,CaptureSite_8,0.0
2019-09-09,2019,37,201937,CaptureSite_8,0.0
2019-09-16,2019,38,201938,CaptureSite_8,0.0
2019-09-23,2019,39,201939,CaptureSite_8,0.0
2019-09-30,2019,40,201940,CaptureSite_8,0.0
2019-10-07,2019,41,201941,CaptureSite_8,0.0
2019-10-14,2019,42,201942,CaptureSite_8,0.0
2019-10-21,2019,43,201943,CaptureSite_8,0.0
2019-10-28,2019,44,201944,CaptureSite_8,0.0
2019-01-01,2019,1,201901,CaptureSite_9,0.0
2019-01-07,2019,2,201902,CaptureSite_9,0.0
2019-01-14,2019,3,201903,CaptureSite_9,0.0
2019-01-21,2019,4,201904,CaptureSite_9,0.0
2019-01-28,2019,5,201905,CaptureSite_9,0.0
2019-02-04,2019,6,201906,CaptureSite_9,0.0
2019-02-11,2019,7,201907,CaptureSite_9,0.0
2019-02-18,2019,8,201908,CaptureSite_9,0.0
2019-02-25,2019,9,201909,CaptureSite_9,0.0
2019-03-04,2019,10,201910,CaptureSite_9,0.0
2019-03-11,2019,11,201911,CaptureSite_9,0.0
2019-03-18,2019,12,201912,CaptureSite_9,0.0
2019-03-25,2019,13,201913,CaptureSite_9,0.0
2019-04-01,2019,14,201914,CaptureSite_9,0.0
2019-04-08,2019,15,201915,CaptureSite_9,0.0
2019-04-15,2019,16,201916,CaptureSite_9,0.0
2019-04-22,2019,17,201917,CaptureSite_9,0.0
2019-04-29,2019,18,201918,CaptureSite_9,0.0
2019-05-06,2019,19,201919,CaptureSite_9,0.0
2019-05-13,2019,20,201920,CaptureSite_9,0.0
2019-05-20,2019,21,201921,CaptureSite_9,0.0
2019-05-27,2019,22,201922,CaptureSite_9,0.0
2019-06-03,2019,23,201923,CaptureSite_9,0.0
2019-06-10,2019,24,201924,CaptureSite_9,0.0
2019-06-17,2019,25,201925,CaptureSite_9,0.0
2019-06-24,2019,26,201926,CaptureSite_9,0.0
2019-07-01,2019,27,201927,CaptureSite_9,0.0
2019-07-08,2019,28,201928,CaptureSite_9,0.0
2019-07-15,2019,29,201929,CaptureSite_9,0.0
2019-07-22,2019,30,201930,CaptureSite_9,0.0
2019-07-29,2019,31,201931,CaptureSite_9,0.0
2019-08-05,2019,32,201932,CaptureSite_9,0.0
2019-08-12,2019,33,201933,CaptureSite_9,0.0
2019-08-19,2019,34,201934,CaptureSite_9,0.0
2019-08-26,2019,35,201935,CaptureSite_9,0.0
2019-09-02,2019,36,201936,CaptureSite_9,0.0
2019-09-09,2019,37,201937,CaptureSite_9,0.0
2019-09-16,2019,38,201938,CaptureSite_9,0.0
2019-09-23,2019,39,201939,CaptureSite_9,0.0
2019-09-30,2019,40,201940,CaptureSite_9,0.0
2019-10-07,2019,41,201941,CaptureSite_9,0.0
2019-10-14,2019,42,201942,CaptureSite_9,0.0
2019-10-21,2019,43,201943,CaptureSite_9,0.0
2019-10-28,2019,44,201944,CaptureSite_9,0.0
